-- phpMyAdmin SQL Dump
-- version 5.2.0
-- https://www.phpmyadmin.net/
--
-- Host: 127.0.0.1
-- Generation Time: Apr 28, 2023 at 02:04 AM
-- Server version: 10.4.27-MariaDB
-- PHP Version: 8.0.25

SET SQL_MODE = "NO_AUTO_VALUE_ON_ZERO";
START TRANSACTION;
SET time_zone = "+00:00";


/*!40101 SET @OLD_CHARACTER_SET_CLIENT=@@CHARACTER_SET_CLIENT */;
/*!40101 SET @OLD_CHARACTER_SET_RESULTS=@@CHARACTER_SET_RESULTS */;
/*!40101 SET @OLD_COLLATION_CONNECTION=@@COLLATION_CONNECTION */;
/*!40101 SET NAMES utf8mb4 */;

--
-- Database: `bicyclestore_mvc`
--

-- --------------------------------------------------------

--
-- Table structure for table `admin`
--

CREATE TABLE `admin` (
  `adminId` int(11) NOT NULL,
  `adminName` varchar(255) NOT NULL,
  `adminEmail` varchar(150) NOT NULL,
  `adminUser` varchar(255) NOT NULL,
  `adminPass` varchar(255) NOT NULL,
  `level` int(30) NOT NULL
) ENGINE=InnoDB DEFAULT CHARSET=utf8mb4 COLLATE=utf8mb4_general_ci;

--
-- Dumping data for table `admin`
--

INSERT INTO `admin` (`adminId`, `adminName`, `adminEmail`, `adminUser`, `adminPass`, `level`) VALUES
(1, 'Tuong Duong', 'tuongdvgcc19257@fpt.edu.vn', 'tuongadmin', 'e10adc3949ba59abbe56e057f20f883e', 0);

-- --------------------------------------------------------

--
-- Table structure for table `brand`
--

CREATE TABLE `brand` (
  `brandId` int(11) NOT NULL,
  `brandName` varchar(255) NOT NULL
) ENGINE=InnoDB DEFAULT CHARSET=utf8mb4 COLLATE=utf8mb4_general_ci;

--
-- Dumping data for table `brand`
--

INSERT INTO `brand` (`brandId`, `brandName`) VALUES
(1, 'Merida'),
(2, 'Trek'),
(3, 'Specialized'),
(4, 'Cannondale'),
(5, 'Kona');

-- --------------------------------------------------------

--
-- Table structure for table `cart`
--

CREATE TABLE `cart` (
  `cartId` int(11) NOT NULL,
  `productId` int(11) NOT NULL,
  `sessionId` varchar(255) NOT NULL,
  `productName` varchar(255) NOT NULL,
  `price` varchar(255) NOT NULL,
  `quantity` int(11) NOT NULL,
  `image` varchar(200) NOT NULL,
  `customerId` int(11) NOT NULL
) ENGINE=InnoDB DEFAULT CHARSET=utf8mb4 COLLATE=utf8mb4_general_ci;

--
-- Dumping data for table `cart`
--

INSERT INTO `cart` (`cartId`, `productId`, `sessionId`, `productName`, `price`, `quantity`, `image`, `customerId`) VALUES
(264, 14, 'um80p57417qlev4vsn9otmou6h', 'Cube Agree C:62', '200', 1, '624359107a.png', 1),
(265, 5, 'fng3neabma7d56thljr2kf1dfn', 'MTB Sport Disc WSD ', '280', 1, '3c34aa3dd6.png', 11),
(268, 6, 'h440r63fpli70srlqufn3h2vcv', 'DE ROSA 838', '285', 1, '1ce5c53cab.png', 11);

-- --------------------------------------------------------

--
-- Table structure for table `category`
--

CREATE TABLE `category` (
  `catId` int(11) NOT NULL,
  `catName` varchar(255) NOT NULL
) ENGINE=InnoDB DEFAULT CHARSET=utf8mb4 COLLATE=utf8mb4_general_ci;

--
-- Dumping data for table `category`
--

INSERT INTO `category` (`catId`, `catName`) VALUES
(1, 'Road Bike'),
(2, 'Mountain Bike'),
(3, 'Touring Bike'),
(4, 'BMX Bike'),
(5, 'Folding Bike'),
(6, 'Fixed Gear Bike');

-- --------------------------------------------------------

--
-- Table structure for table `category_post_news`
--

CREATE TABLE `category_post_news` (
  `cate_post_newsId` int(11) NOT NULL,
  `title` varchar(255) NOT NULL,
  `description` text NOT NULL,
  `status` int(11) NOT NULL
) ENGINE=InnoDB DEFAULT CHARSET=utf8mb4 COLLATE=utf8mb4_general_ci;

--
-- Dumping data for table `category_post_news`
--

INSERT INTO `category_post_news` (`cate_post_newsId`, `title`, `description`, `status`) VALUES
(2, 'News about bicycle technology 1', 'News about bicycle technology updated regularly 1', 0),
(3, 'News about bicycle technology 2', 'News about bicycle technology updated regularly 2', 0),
(4, 'News about bicycle technology 3', 'News about bicycle technology updated regularly 3', 0),
(5, 'News about bicycle technology 4', 'News about bicycle technology updated regularly 4', 0);

-- --------------------------------------------------------

--
-- Table structure for table `customer`
--

CREATE TABLE `customer` (
  `customerId` int(11) NOT NULL,
  `customerName` varchar(255) NOT NULL,
  `address` varchar(255) NOT NULL,
  `city` varchar(30) NOT NULL,
  `gender` varchar(30) NOT NULL,
  `country` varchar(30) NOT NULL,
  `zipcode` varchar(30) NOT NULL,
  `phone` varchar(30) NOT NULL,
  `email` varchar(50) NOT NULL,
  `password` varchar(200) NOT NULL,
  `confirm_password` varchar(200) NOT NULL,
  `type` int(11) NOT NULL DEFAULT 1,
  `date_create` datetime NOT NULL
) ENGINE=InnoDB DEFAULT CHARSET=utf8mb4 COLLATE=utf8mb4_general_ci;

--
-- Dumping data for table `customer`
--

INSERT INTO `customer` (`customerId`, `customerName`, `address`, `city`, `gender`, `country`, `zipcode`, `phone`, `email`, `password`, `confirm_password`, `type`, `date_create`) VALUES
(1, 'Tuong Duong', '12/4 HT 17', 'Can Tho City', 'male', 'vietnam', '700000', '0915151041', 'tuongdv123@gmail.com', 'e10adc3949ba59abbe56e057f20f883e', 'e10adc3949ba59abbe56e057f20f883e', 0, '2023-04-05 09:18:05'),
(10, 'Pham Huu Nghia', '12/4 HT 17', 'Can Tho City', 'male', 'vietnam', '700000', '0948191975', 'phamhuunghia@gmail.com', 'e10adc3949ba59abbe56e057f20f883e', 'e10adc3949ba59abbe56e057f20f883e', 0, '2023-03-20 12:40:29'),
(11, 'Huynh Bao Duy', '12/4 HT 17', 'Bac Lieu', 'male', 'vietnam', '1000', '0915151021', 'duyhuynh@gmail.com', 'e10adc3949ba59abbe56e057f20f883e', 'e10adc3949ba59abbe56e057f20f883e', 1, '2023-03-27 18:51:30');

-- --------------------------------------------------------

--
-- Table structure for table `news`
--

CREATE TABLE `news` (
  `newsId` int(11) NOT NULL,
  `news_title` varchar(255) NOT NULL,
  `description` text NOT NULL,
  `content` text NOT NULL,
  `cate_post_newsId` int(11) NOT NULL,
  `image` varchar(255) NOT NULL,
  `status` int(11) NOT NULL
) ENGINE=InnoDB DEFAULT CHARSET=utf8mb4 COLLATE=utf8mb4_general_ci;

--
-- Dumping data for table `news`
--

INSERT INTO `news` (`newsId`, `news_title`, `description`, `content`, `cate_post_newsId`, `image`, `status`) VALUES
(1, 'Electric bike tax credit bill reintroduced, providing up to $1,500 off new e-bikes in US', '<p><span>Published Mar 21 2023 - 10:02 am PT by&nbsp;<span class=\"author-name\"><a title=\"Posts by Micah Toll\" href=\"https://electrek.co/author/micahltoll/\" rel=\"author\">Micah Toll</a></span>&nbsp;</span></p>', '<p>After being originally introduced in 2021, yet faltering before the finish line, a federal incentive for electric bicycle purchases is back on the table. If it passes, Americans could receive a $1,500 tax credit for the purchase of an electric bike.</p>\r\n<p>The Electric Bicycle Incentive Kickstart for the Environment (E-BIKE) Act has just been reintroduced to the US House of Representatives by U.S. Representatives Jimmy Panetta (CA-19), Congressional Bike Caucus Chair Earl Blumenauer (OR-03), Mike Thompson (CA-04), and Adam Schiff (CA-30).</p>\r\n<div class=\"google-auto-placed ap_container\"><ins class=\"adsbygoogle adsbygoogle-noablate\" data-ad-format=\"auto\" data-ad-client=\"ca-pub-8858607207437960\" data-adsbygoogle-status=\"done\" data-ad-status=\"filled\">\r\n<div id=\"aswift_2_host\" title=\"Advertisement\"><iframe id=\"aswift_2\" name=\"aswift_2\" src=\"https://googleads.g.doubleclick.net/pagead/ads?client=ca-pub-8858607207437960&amp;output=html&amp;h=280&amp;adk=2998167136&amp;adf=712772469&amp;pi=t.aa~a.1036913251~i.10~rp.4&amp;w=786&amp;fwrn=4&amp;fwrnh=100&amp;lmt=1681179577&amp;num_ads=1&amp;rafmt=1&amp;armr=3&amp;sem=mc&amp;pwprc=1003901649&amp;ad_type=text_image&amp;format=786x280&amp;url=https%3A%2F%2Felectrek.co%2F2023%2F03%2F21%2Felectric-bike-tax-credit-bill-reintroduced%2F&amp;fwr=0&amp;pra=3&amp;rh=197&amp;rw=786&amp;rpe=1&amp;resp_fmts=3&amp;wgl=1&amp;fa=27&amp;uach=WyJXaW5kb3dzIiwiMTUuMC4wIiwieDg2IiwiIiwiMTEyLjAuMTcyMi4zNCIsW10sZmFsc2UsbnVsbCwiNjQiLFtbIkNocm9taXVtIiwiMTEyLjAuNTYxNS40OSJdLFsiTWljcm9zb2Z0IEVkZ2UiLCIxMTIuMC4xNzIyLjM0Il0sWyJOb3Q6QS1CcmFuZCIsIjk5LjAuMC4wIl1dLGZhbHNlXQ..&amp;dt=1681179577309&amp;bpp=2&amp;bdt=613&amp;idt=-M&amp;shv=r20230405&amp;mjsv=m202304040101&amp;ptt=9&amp;saldr=aa&amp;abxe=1&amp;cookie=ID%3Db3e27aeb7c89d25c-228f6bf0c3de0065%3AT%3D1678778262%3AS%3DALNI_MalA5GliSUo-BGmveVFj4tbyj8FzQ&amp;gpic=UID%3D00000bd8da4b1055%3AT%3D1678778262%3ART%3D1681179564%3AS%3DALNI_MZwRLhZkq02M7l5GRmMGIUyU-H7Qw&amp;prev_fmts=0x0%2C336x280&amp;nras=2&amp;correlator=8471764586963&amp;frm=20&amp;pv=1&amp;ga_vid=603384755.1678778262&amp;ga_sid=1681179577&amp;ga_hid=1099943986&amp;ga_fc=1&amp;ga_cid=1478369606.1681179567&amp;u_tz=420&amp;u_his=6&amp;u_h=864&amp;u_w=1536&amp;u_ah=816&amp;u_aw=1536&amp;u_cd=24&amp;u_sd=1.25&amp;dmc=8&amp;adx=107&amp;ady=1257&amp;biw=1462&amp;bih=746&amp;scr_x=0&amp;scr_y=225&amp;eid=42532186%2C44759926%2C44759842%2C44788217%2C44759875%2C42532090%2C31073487&amp;oid=2&amp;pvsid=3345878998336613&amp;tmod=1556891609&amp;wsm=1&amp;uas=0&amp;nvt=2&amp;ref=https%3A%2F%2Fwww.google.com.vn%2F&amp;fc=1408&amp;brdim=0%2C0%2C0%2C0%2C1536%2C0%2C1536%2C816%2C1479%2C746&amp;vis=1&amp;rsz=%7C%7Cs%7C&amp;abl=NS&amp;fu=128&amp;bc=31&amp;ifi=3&amp;uci=a!3&amp;btvi=2&amp;fsb=1&amp;xpc=FXXWj5Enmi&amp;p=https%3A//electrek.co&amp;dtd=12\" frameborder=\"0\" marginwidth=\"0\" marginheight=\"0\" scrolling=\"no\" width=\"786\" height=\"280\" data-google-container-id=\"a!3\" data-google-query-id=\"CN2fjvvhoP4CFVG_SwUdbF8B1w\" data-load-complete=\"true\"></iframe></div>\r\n</ins></div>\r\n<p>Electric bicycle use has seen a steady increase over the last few years as more Americans adopt the light, fast, and efficient alternative form of transportation.</p>\r\n<p>The addition of a battery and assist motor to an otherwise conventional bicycle has helped turn e-bikes into car replacers for many Americans. However, the high cost of e-bikes compared to traditional pedal bicycles has kept them out of reach for many commuters who could use them most.</p>\r\n<p>Electric bicycle prices start at around $600-$800 for budget models, but premium e-bikes can cost as much as 10 times those prices. Thus, an e-bike tax credit has long been seen as a way to help get these effective small-format EVs into the hands of more Americans.</p>\r\n<p>As Rep. Panetta&nbsp;<a href=\"https://panetta.house.gov/media/press-releases/reps-panetta-blumenauer-thompson-and-schiff-reintroduce-e-bike-act\">explained</a>:</p>\r\n<blockquote class=\"wp-block-quote\">\r\n<p>Many people are looking to get out of their cars and get on to e-bikes not just for recreation, but also for transportation purposes. Although we&rsquo;re seeing more people on them in our communities, more needs to be done to ensure that everybody across our country has access to an e-bike. By incentivizing Americans to own and use e-bikes, we are allowing them the chance to help improve the quality of life in our communities and tackle the climate crisis in our country.</p>\r\n</blockquote>\r\n<p><img class=\"wp-image-283870\" src=\"https://electrek.co/wp-content/uploads/sites/3/2023/02/lectric-xpedition-e-bike-2.jpg?quality=82&amp;strip=all&amp;w=1024\" alt=\"Lectric XPedition e-bike\" width=\"1450\" height=\"967\" /></p>\r\n<p>The federal tax credit outlined in the E-BIKE Act would cover up to 30% of the cost of a new electric bike, up to a maximum credit of $1,500.</p>\r\n<p>In order to qualify, the e-bike would have to be priced at less than $8,000.</p>\r\n<div class=\"google-auto-placed ap_container\"><ins class=\"adsbygoogle adsbygoogle-noablate\" data-ad-format=\"auto\" data-ad-client=\"ca-pub-8858607207437960\" data-adsbygoogle-status=\"done\" data-ad-status=\"filled\">\r\n<div id=\"aswift_3_host\" title=\"Advertisement\"><iframe id=\"aswift_3\" name=\"aswift_3\" src=\"https://googleads.g.doubleclick.net/pagead/ads?client=ca-pub-8858607207437960&amp;output=html&amp;h=280&amp;adk=2998167136&amp;adf=2061058783&amp;pi=t.aa~a.1036913251~i.26~rp.4&amp;w=786&amp;fwrn=4&amp;fwrnh=100&amp;lmt=1681179577&amp;num_ads=1&amp;rafmt=1&amp;armr=3&amp;sem=mc&amp;pwprc=1003901649&amp;ad_type=text_image&amp;format=786x280&amp;url=https%3A%2F%2Felectrek.co%2F2023%2F03%2F21%2Felectric-bike-tax-credit-bill-reintroduced%2F&amp;fwr=0&amp;pra=3&amp;rh=197&amp;rw=786&amp;rpe=1&amp;resp_fmts=3&amp;wgl=1&amp;fa=27&amp;uach=WyJXaW5kb3dzIiwiMTUuMC4wIiwieDg2IiwiIiwiMTEyLjAuMTcyMi4zNCIsW10sZmFsc2UsbnVsbCwiNjQiLFtbIkNocm9taXVtIiwiMTEyLjAuNTYxNS40OSJdLFsiTWljcm9zb2Z0IEVkZ2UiLCIxMTIuMC4xNzIyLjM0Il0sWyJOb3Q6QS1CcmFuZCIsIjk5LjAuMC4wIl1dLGZhbHNlXQ..&amp;dt=1681179577309&amp;bpp=1&amp;bdt=613&amp;idt=1&amp;shv=r20230405&amp;mjsv=m202304040101&amp;ptt=9&amp;saldr=aa&amp;abxe=1&amp;cookie=ID%3Db3e27aeb7c89d25c-228f6bf0c3de0065%3AT%3D1678778262%3AS%3DALNI_MalA5GliSUo-BGmveVFj4tbyj8FzQ&amp;gpic=UID%3D00000bd8da4b1055%3AT%3D1678778262%3ART%3D1681179564%3AS%3DALNI_MZwRLhZkq02M7l5GRmMGIUyU-H7Qw&amp;prev_fmts=0x0%2C336x280%2C786x280&amp;nras=3&amp;correlator=8471764586963&amp;frm=20&amp;pv=1&amp;ga_vid=603384755.1678778262&amp;ga_sid=1681179577&amp;ga_hid=1099943986&amp;ga_fc=1&amp;ga_cid=1478369606.1681179567&amp;u_tz=420&amp;u_his=6&amp;u_h=864&amp;u_w=1536&amp;u_ah=816&amp;u_aw=1536&amp;u_cd=24&amp;u_sd=1.25&amp;dmc=8&amp;adx=107&amp;ady=2772&amp;biw=1462&amp;bih=746&amp;scr_x=0&amp;scr_y=225&amp;eid=42532186%2C44759926%2C44759842%2C44788217%2C44759875%2C42532090%2C31073487&amp;oid=2&amp;pvsid=3345878998336613&amp;tmod=1556891609&amp;wsm=1&amp;uas=0&amp;nvt=2&amp;ref=https%3A%2F%2Fwww.google.com.vn%2F&amp;fc=1408&amp;brdim=0%2C0%2C0%2C0%2C1536%2C0%2C1536%2C816%2C1479%2C746&amp;vis=1&amp;rsz=%7C%7Cs%7C&amp;abl=NS&amp;fu=128&amp;bc=31&amp;ifi=4&amp;uci=a!4&amp;btvi=3&amp;fsb=1&amp;xpc=qSfsplqyoi&amp;p=https%3A//electrek.co&amp;dtd=17\" frameborder=\"0\" marginwidth=\"0\" marginheight=\"0\" scrolling=\"no\" width=\"786\" height=\"280\" data-google-container-id=\"a!4\" data-google-query-id=\"CP2XjvvhoP4CFeiTSwUd3eUFAg\" data-load-complete=\"true\"></iframe></div>\r\n</ins></div>\r\n<p>According to&nbsp;<a href=\"http://peopleforbikes.org/\">PeopleForBikes</a>, &ldquo;the credit would be allowed once per individual every three years or twice for a joint-return couple buying two electric bicycles. New to this version is this addition of income caps that parallel existing electric vehicle tax credit caps: an annual salary of $150,000 for single filers, $225,000 for heads of households, and $300,000 for those filing jointly.&rdquo;</p>\r\n<p>The incentive is designed to make electric bicycles more accessible to lower-income Americans, as Rep. Blumenauer explained:</p>\r\n<blockquote class=\"wp-block-quote\">\r\n<p>With an e-bike, anyone can be a bike commuter,&nbsp;but the high cost discourages too many consumers. That is why I am so excited about the E-BIKE Act. Let&rsquo;s get more people off of the highway and into the bike lanes.</p>\r\n</blockquote>\r\n<p><img class=\"wp-image-284355\" src=\"https://electrek.co/wp-content/uploads/sites/3/2023/02/ride1up-turris-review-17.jpg?quality=82&amp;strip=all&amp;w=1024\" alt=\"ride1up Turris\" width=\"1400\" height=\"933\" /></p>\r\n<p>The E-BIKE Act was&nbsp;<a href=\"https://electrek.co/2021/10/28/proposed-us-tax-credit-for-electric-bikes-back-up-to-30-capped-at-1500-incentive/\">originally introduced in 2021</a>&nbsp;and then was rolled into legislation that ultimately became the Inflation Reduction Act. However, the electric bike incentive was one of many provisions of the proposed legislation&nbsp;<a href=\"https://electrek.co/2022/08/07/the-new-climate-bill-abandoned-the-type-of-electric-vehicle-that-can-make-the-biggest-difference/\">that was whittled away</a>&nbsp;in order to garner majority support to pass the bill.</p>\r\n<div class=\"top-comment\">\r\n<h2 class=\"h4 top-comment__heading\">Top comment by&nbsp;<a href=\"https://electrek.co/2023/03/21/electric-bike-tax-credit-bill-reintroduced/#comments\">Tim BB</a></h2>\r\n&nbsp;<span class=\"top_comment__meta\">Liked by 6 people</span>\r\n<div class=\"top-comment__body\">\r\n<p>Do you know if rebate would apply to e-bike purchased earlier in 2023? If I buy a bike now, would the law be retroactive to all purchases in 2023?</p>\r\n</div>\r\n<a href=\"https://electrek.co/2023/03/21/electric-bike-tax-credit-bill-reintroduced/#comments\">View all comments</a></div>\r\n<div class=\"google-auto-placed ap_container\"><ins class=\"adsbygoogle adsbygoogle-noablate\" data-ad-format=\"auto\" data-ad-client=\"ca-pub-8858607207437960\" data-adsbygoogle-status=\"done\" data-ad-status=\"filled\">\r\n<div id=\"aswift_4_host\" title=\"Advertisement\"><iframe id=\"aswift_4\" name=\"aswift_4\" src=\"https://googleads.g.doubleclick.net/pagead/ads?client=ca-pub-8858607207437960&amp;output=html&amp;h=280&amp;adk=2998167136&amp;adf=2254762272&amp;pi=t.aa~a.1036913251~i.38~rp.4&amp;w=786&amp;fwrn=4&amp;fwrnh=100&amp;lmt=1681179643&amp;num_ads=1&amp;rafmt=1&amp;armr=3&amp;sem=mc&amp;pwprc=1003901649&amp;ad_type=text_image&amp;format=786x280&amp;url=https%3A%2F%2Felectrek.co%2F2023%2F03%2F21%2Felectric-bike-tax-credit-bill-reintroduced%2F&amp;fwr=0&amp;pra=3&amp;rh=197&amp;rw=786&amp;rpe=1&amp;resp_fmts=3&amp;wgl=1&amp;fa=27&amp;uach=WyJXaW5kb3dzIiwiMTUuMC4wIiwieDg2IiwiIiwiMTEyLjAuMTcyMi4zNCIsW10sZmFsc2UsbnVsbCwiNjQiLFtbIkNocm9taXVtIiwiMTEyLjAuNTYxNS40OSJdLFsiTWljcm9zb2Z0IEVkZ2UiLCIxMTIuMC4xNzIyLjM0Il0sWyJOb3Q6QS1CcmFuZCIsIjk5LjAuMC4wIl1dLGZhbHNlXQ..&amp;dt=1681179577314&amp;bpp=1&amp;bdt=617&amp;idt=1&amp;shv=r20230405&amp;mjsv=m202304040101&amp;ptt=9&amp;saldr=aa&amp;abxe=1&amp;cookie=ID%3Db3e27aeb7c89d25c-228f6bf0c3de0065%3AT%3D1678778262%3AS%3DALNI_MalA5GliSUo-BGmveVFj4tbyj8FzQ&amp;gpic=UID%3D00000bd8da4b1055%3AT%3D1678778262%3ART%3D1681179564%3AS%3DALNI_MZwRLhZkq02M7l5GRmMGIUyU-H7Qw&amp;prev_fmts=0x0%2C336x280%2C786x280%2C786x280&amp;nras=4&amp;correlator=8471764586963&amp;frm=20&amp;pv=1&amp;ga_vid=603384755.1678778262&amp;ga_sid=1681179577&amp;ga_hid=1099943986&amp;ga_fc=1&amp;ga_cid=1478369606.1681179567&amp;u_tz=420&amp;u_his=6&amp;u_h=864&amp;u_w=1536&amp;u_ah=816&amp;u_aw=1536&amp;u_cd=24&amp;u_sd=1.25&amp;dmc=8&amp;adx=107&amp;ady=4235&amp;biw=1462&amp;bih=746&amp;scr_x=0&amp;scr_y=1269&amp;eid=42532186%2C44759926%2C44759842%2C44788217%2C44759875%2C42532090%2C31073487&amp;oid=2&amp;psts=AHQMDFdZEV71c5nA6Og-ZqfEv-e0EnJtAfBhnk9oaK5b2k5lFO8e-S-EFadCLIBDD6MGW1i5J5EiNJVPT5-ZmIPd2NtRmYrR%2CAHQMDFenWUffK489GCD-9C5domvThj5zHdRd3phY-DxT9-Ocr29kTsCXsRSOK5_KfMvRRIuIg1NHY1aGOirVgzF76JMge_Y%2CAHQMDFeJbOOmsW8_hqkq1gBN1XjV723m2QcOB1fZU7ZKl_eLXqeCSioRNAx6zhc9oRs2uhtRRV3ZsEIK7SPHNCM27scs8MY&amp;pvsid=3345878998336613&amp;tmod=1556891609&amp;wsm=1&amp;uas=3&amp;nvt=2&amp;ref=https%3A%2F%2Fwww.google.com.vn%2F&amp;fc=1408&amp;brdim=0%2C0%2C0%2C0%2C1536%2C0%2C1536%2C816%2C1479%2C746&amp;vis=1&amp;rsz=%7C%7Cs%7C&amp;abl=NS&amp;fu=128&amp;bc=31&amp;ifi=5&amp;uci=a!5&amp;btvi=4&amp;fsb=1&amp;xpc=gWwvpZOlqe&amp;p=https%3A//electrek.co&amp;dtd=65769\" frameborder=\"0\" marginwidth=\"0\" marginheight=\"0\" scrolling=\"no\" width=\"786\" height=\"280\" data-google-container-id=\"a!5\" data-google-query-id=\"CMCSvJrioP4CFcqjSwUdB84A5w\" data-load-complete=\"true\"></iframe></div>\r\n</ins></div>\r\n<p>After the former federal e-bike incentive stalled, many cities and states picked up the slack and created their own local incentive programs.</p>\r\n<p>Denver&rsquo;s&nbsp;<a href=\"https://electrek.co/2022/12/28/denver-e-bike-rebates-bike-lanes/\">e-bike rebate program</a>&nbsp;is, perhaps, one of the most famous in the US, originally offering $400 off the purchase of a new e-bike. The program quickly exhausted its funding before being renewed this year&nbsp;<a href=\"https://electrek.co/2023/02/08/denvers-electric-bike-rebates-gone-in-20-minutes/\">with a slightly lower $300 rebate on new e-bikes</a>. Vouchers will be given out in a half dozen rounds throughout the year, with the first round already being scooped up within 20 minutes of going live.</p>\r\n<p>Colorado will soon be playing catch-up by launching its own e-bike incentive program. Colorado may&nbsp;<a href=\"https://electrek.co/2023/01/21/californias-electric-bike-rebates-updates/\">beat California to the punch</a>&nbsp;with a statewide rebate program, but it won&rsquo;t be the first. That honor goes to&nbsp;<a href=\"https://electrek.co/2022/05/03/vermont-launches-the-first-state-e-bike-incentive-program-in-the-us-plus-other-ev-programs/\">Vermont&rsquo;s statewide e-bike incentive program</a>.&nbsp;The Vermont program may have helped inspire similar statewide e-bike rebates that are currently being proposed in&nbsp;<a href=\"https://electrek.co/2022/08/31/new-york-e-bike-rebate/\">New York</a>&nbsp;and&nbsp;<a href=\"https://electrek.co/2022/11/29/another-us-state-adds-electric-bike-subsidy-this-time-with-up-to-1700-rebate/\">Oregon</a>.</p>\r\n<p>If you&rsquo;re looking for some of the&nbsp;<a href=\"https://electrek.co/2023/02/06/here-are-the-best-electric-bikes-you-can-buy-at-every-price-level/\">best electric bikes in the market at every price range</a>, check out our&nbsp;<a href=\"https://electrek.co/2023/02/06/here-are-the-best-electric-bikes-you-can-buy-at-every-price-level/\">compilation</a>.&nbsp;<em>Electrek</em>&nbsp;has&nbsp;tested&nbsp;more electric bikes than anyone else, compiling detailed articles and videos to cover their features, advantages, and disadvantages.</p>', 2, '28aad12f3c.png', 0),
(3, 'Pon Bike annual sales hit $2.6 billion, company says', '<p><span class=\"views-label views-label-created\">Published&nbsp;</span><span class=\"field-content\">April 7, 2023 by&nbsp;<a href=\"https://www.bicycleretailer.com/brain-staff\">BRAIN Staff</a>&nbsp;</span></p>\r\n<div id=\"block-system-main\" class=\"block block-system block-main block-system-main\">\r\n<div class=\"block-inner clearfix\">\r\n<div class=\"content clearfix\">\r\n<div class=\"content clearfix\">\r\n<div class=\"field field-name-body field-type-text-with-summary field-label-hidden\">\r\n<div class=\"field-items\">\r\n<div class=\"field-item even\">\r\n<p>&nbsp;</p>\r\n</div>\r\n</div>\r\n</div>\r\n</div>\r\n</div>\r\n</div>\r\n</div>', '<div class=\"field field-name-body field-type-text-with-summary field-label-hidden\">\r\n<div class=\"field-items\">\r\n<div class=\"field-item even\">\r\n<p>AMSTERDAM (BRAIN) &mdash; Pon Holdings revenue increased 23% year-over-year to reach $10 billion euros ($10.9 billion) for the first time in company history, while Pon.Bike revenue was 2.4 billion euros ($2.62 million).&nbsp;</p>\r\n<p>According to a Pon Holdings spokesperson, the private company has shared some earnings data with two Dutch newspapers in the past but this is the first time it shared figures with some in the cycling media. Pon did not provide a precise overall revenue figure, nor did it provide Pon.Bike\'s 2021 revenue.</p>\r\n<p>The growth was across all its categories, including Automotive, Equipment &amp; Power Systems, and Agricultural Products &amp; Services, according to Pon. E-bikes and electric automobiles continue to grow, according to Pon, but no revenue figures for those subcategories were provided.</p>\r\n<p>Pon reported EBITDA rose to 1,045 billion euros, compared with 559 million euros in 2021, which includes 383 million euros in proceeds from divestments. Net profit increased 78% from 307 million euros to 547 million euros year-over-year. Pon\'s workforce also grew last year from 13,678 to 15,700 employees in 34 countries on six continents.</p>\r\n<p>\"We have further expanded our automotive operations in the Netherlands, Germany, Vietnam, and the U.S., helped by growth in electric cars,\" said Janus Smalbraak, Pon Holdings\' CEO. \"The integration of Dorel Sports with Pon.Bike is proceeding apace, making us a global player with top bike brands and e-bikes. The big investments in bike infrastructure occurring primarily in Europe and the U.S. will give e-bike sales additional impetus in the future.\"</p>\r\n<p>In January 2022,&nbsp;<a href=\"https://www.bicycleretailer.com/industry-news/2022/01/04/dorel-completes-sale-dorel-sports-pon-holdings#.ZDAWdi-B23w\">Dorel industries completed its sale of Dorel Sports</a>&nbsp;to Pon Holdings for $819 million. The purchase included Cannondale, Schwinn, GT, Mongoose and other bike brands.</p>\r\n<p>Pon marked its 75th year in 2022 with the Volkswagen Group. Also in 2022 it acquired Europcar in a joint venture with Volkswagen AG and others. According to Pon, it will offer \"new forms of mobility under this brand in the near future.\" Automotive revenue was 6 billion euros that year, compared with 5.2 billion euros in 2021.</p>\r\n<p>Pon.Bike has&nbsp;<a href=\"https://www.bicycleretailer.com/international/2023/02/23/ponbike-breaks-ground-lithuania-bike-factory\">started construction on a bike plant in Lithuania</a>, which will produce about 500,000 electric and other bikes per year, Pon said.</p>\r\n<p>\"The economy is facing obstacles in 2023, once again, particularly in Europe and the U.S.,\" Smalbraak said. \"The projected slowdown will have an impact on us, too, as well as the parts supply that is still not up to speed in places. Even so, we began our year with full order books for Automotive, Bike, and Equipment &amp; Power. Our portfolio of strong brands, our service level, and our excellent teams with fantastic and highly motivated people keep our business resilient.\"</p>\r\n</div>\r\n</div>\r\n</div>\r\n<div class=\"field field-name-field-image field-type-image field-label-hidden\">\r\n<div class=\"field-items\">\r\n<div class=\"field-item even\"><a class=\"colorbox init-colorbox-processed cboxElement\" title=\"\" href=\"https://www.bicycleretailer.com/sites/default/files/styles/colorbox_popup/public/images/article/ultimatec5_hmb_lifestyle.jpeg?itok=T6oZ4ZQc\" data-colorbox-gallery=\"gallery-node-36935-B_0zymnxmig\" data-cbox-img-attrs=\"{\"><img title=\"\" src=\"https://www.bicycleretailer.com/sites/default/files/styles/article_primary_image/public/images/article/ultimatec5_hmb_lifestyle.jpeg?itok=Ntw4dvqr\" alt=\"\" /></a></div>\r\n<div class=\"field-item even\"><span class=\"caption\">Pon Bike annual sales hit $2.6 billion, company says</span></div>\r\n</div>\r\n</div>', 3, 'e35b2bce34.png', 0);
INSERT INTO `news` (`newsId`, `news_title`, `description`, `content`, `cate_post_newsId`, `image`, `status`) VALUES
(4, '10 of the best cities in the world to see while riding a bicycle', '<p><span>Forrest Brown, CNN</span><span>&nbsp;|&nbsp;</span><span>Published 20th February 2023</span></p>', '<div class=\"EditorialNote__component\">\r\n<div>Editor\'s Note &mdash;&nbsp;<a href=\"http://edition.cnn.com/travel/specials/monthly-ticket\" target=\"_blank\">Monthly Ticket</a>&nbsp;is a CNN Travel series that spotlights some of the most fascinating topics in the travel world. In February, we\'re exploring the people, places and journeys working to make tourism more sustainable.</div>\r\n</div>\r\n<div class=\"Paragraph__component\" data-paragraph-id=\"paragraph_FB67FAA4-4806-6328-C921-CA061FFA540A\"><cite class=\"Paragraph__cite\">(CNN) &mdash;&nbsp;</cite><span>Bicycles can be a great way for travelers to enjoy a city. Not only do you have easy access to many tourist spots, but they\'re good for your personal health, financial health and the planet\'s health.</span></div>\r\n<div class=\"Paragraph__component\" data-paragraph-id=\"paragraph_2642C07E-9290-5E0B-D214-CABF59B3D435\"><span>However, not all cities are bicycle friendly. The last thing you want is a stressful vacation pedaling around an urban tangle where roads and vehicles totally rule.</span></div>\r\n<div class=\"Paragraph__component\" data-paragraph-id=\"paragraph_2A4FC865-7D5F-D2E9-1715-CAC0DD936869\"><span>The good news is some cities have given bicycles and the practice of sustainability their due.</span></div>\r\n<div class=\"Ad__component\">&nbsp;</div>\r\n<div class=\"Paragraph__component\" data-paragraph-id=\"paragraph_FE78E40A-83CE-0B96-AE4D-CBFB213C346E\"><span>The following 10 cities worldwide are among the best for tourists (and locals) who like to bike.</span></div>\r\n<div class=\"Paragraph__component\" data-paragraph-id=\"paragraph_69300EE2-7D2B-7978-C56F-CAC48DA53D8D\">\r\n<h3>Antwerp, Belgium</h3>\r\n</div>\r\n<div class=\"CaptionedImage__component\">\r\n<div class=\"Image__component CaptionedImage__image Image__isLoaded Image__hasAspectRatio\"><img class=\"Image__image\" src=\"https://dynaimage.cdn.cnn.com/cnn/q_auto,w_634,c_fill,g_auto,h_357,ar_16:9/http%3A%2F%2Fcdn.cnn.com%2Fcnnnext%2Fdam%2Fassets%2F230130084740-02-biking-cities-antwerp.jpg\" alt=\"Antwerpen-Centraal railway station is an architectural masterpiece, opened in 1905. The station has an underground bicycle parking garage, plus various street-level spots.\" />\r\n<div class=\"erd_scroll_detection_container erd_scroll_detection_container_animation_active\">&nbsp;</div>\r\n</div>\r\n<div class=\"CaptionedImage__caption\">Antwerpen-Centraal railway station is an architectural masterpiece, opened in 1905. The station has an underground bicycle parking garage, plus various street-level spots.</div>\r\n<div class=\"CaptionedImage__credit\">Ekaterina Belova/Adobe Stock</div>\r\n</div>\r\n<div class=\"Paragraph__component\" data-paragraph-id=\"paragraph_42C25671-6FED-E87A-321F-CC7528683432\"><span>There\'s nothing like a local to help provide the lay of the land. Jurga Rubinovaite, founder of the&nbsp;<a href=\"https://fullsuitcase.com/\" target=\"_blank\">Full Suitcase family travel blog</a>, is based in Antwerp. And she\'s also a major biking enthusiast.</span></div>\r\n<div class=\"Paragraph__component\" data-paragraph-id=\"paragraph_77AFAE27-5EAF-9621-0C20-EA87A8BB157F\"><span>\"Biking is a great way to explore a new destination or rediscover a place and get to know it deeper,\" she told CNN Travel by email. \"So I try to do it whenever I get the chance.\"</span></div>\r\n<div class=\"Paragraph__component\" data-paragraph-id=\"paragraph_19965D44-9201-531A-C4C6-CC7C673AD7E5\"><span>Antwerp ranks No. 3 on the latest&nbsp;<a href=\"https://de.luko.eu/en/advice/guide/bike-index/\" target=\"_blank\">Global Bicycle Cities Index</a>, and it\'s also high in Rubinovaite\'s estimation.</span></div>\r\n<div class=\"Paragraph__component\" data-paragraph-id=\"paragraph_DBC82D3B-938C-5F2D-72C9-EA87A8C44369\"><span>\"It offers a great mix of historic landmarks, modern architecture, world-class museums, and some of the best shopping and dining in Europe,\" she said. \"In addition, it\'s a relatively flat and bike-friendly city, which is surrounded by lots of greenery, just a stone\'s throw from the historic old town.\"</span></div>\r\n<div class=\"Paragraph__component\" data-paragraph-id=\"paragraph_7CAC4AD7-5BAA-703C-879F-EA87A8CB2280\"><span>Among her tips: \"If you are short on time, I highly recommend biking next to the river to the Eilandje district, just north of the old town. Some of the highlights here include the&nbsp;<a href=\"https://mas.be/en\" target=\"_blank\">MAS Museum</a>, the&nbsp;<a href=\"https://www.archdaily.com/795832/antwerp-port-house-zaha-hadid-architects\" target=\"_blank\">Port House of Antwerp</a>, the&nbsp;<a href=\"https://redstarline.be/en\" target=\"_blank\">Red Star Line Museum</a>&nbsp;and the&nbsp;<a href=\"https://www.amazingbelgium.be/2016/08/the-park-bridge-gateway-to-antwerp.html\" target=\"_blank\">Park Bridge</a>.\"</span></div>\r\n<div class=\"Paragraph__component\" data-paragraph-id=\"paragraph_42C3ACCD-BB05-1A30-4BEF-EA87A8CDF3AB\"><span>While Antwerp is a year-round destination, she suggests coming from April to October for the best biking weather.</span></div>\r\n<div class=\"Paragraph__component\" data-paragraph-id=\"paragraph_6063DC33-1F25-29A4-6D89-CC82EBDA19AE\"><span><a href=\"https://visit.antwerpen.be/en/info/rent-a-bike\" target=\"_blank\">Click here</a>&nbsp;for bike rental options.</span></div>\r\n<div class=\"Paragraph__component\" data-paragraph-id=\"paragraph_BAA8E586-B39D-884D-C60C-CAC78E7C1C93\">\r\n<h3>Bern, Switzerland</h3>\r\n</div>\r\n<div class=\"CaptionedImage__component\">\r\n<div class=\"Image__component CaptionedImage__image Image__isLoaded Image__hasAspectRatio\"><img class=\"Image__image\" src=\"https://dynaimage.cdn.cnn.com/cnn/q_auto,w_634,c_fill,g_auto,h_357,ar_16:9/http%3A%2F%2Fcdn.cnn.com%2Fcnnnext%2Fdam%2Fassets%2F230130084745-03-biking-cities-bern.jpg\" alt=\"The Rose Garden in Bern is a popular spot for bicyclists. While synonymous with roses, it also features irises, rhododendrons and other types of flowers.\" />\r\n<div class=\"erd_scroll_detection_container erd_scroll_detection_container_animation_active\">&nbsp;</div>\r\n</div>\r\n<div class=\"CaptionedImage__caption\">The Rose Garden in Bern is a popular spot for bicyclists. While synonymous with roses, it also features irises, rhododendrons and other types of flowers.</div>\r\n<div class=\"CaptionedImage__credit\">Bern Welcome</div>\r\n</div>\r\n<div class=\"Paragraph__component\" data-paragraph-id=\"paragraph_3C63DFDF-CEBA-4D65-D4D5-BCA64566E982\"><span>It\'s a capital idea to see this nation\'s lovely capital by bike. There are routes to fit any fitness level or sightseeing interest.</span></div>\r\n<div class=\"Paragraph__component\" data-paragraph-id=\"paragraph_313D8283-EB67-83C7-3714-BCBB5D021CFF\"><span>The&nbsp;<a href=\"https://www.bern.com/en/bike/routes\" target=\"_blank\">City of Bern route</a>&nbsp;takes you through neighborhoods such as Kirchenfeld (<a href=\"https://www.myswitzerland.com/en-us/experiences/explore-the-museum-district/\" target=\"_blank\">the museum district</a>). It\'s 15 kilometers (9.3 miles) with about a 200-meter (656-foot) change in elevation along the route.</span></div>\r\n<div class=\"Paragraph__component\" data-paragraph-id=\"paragraph_FBE93435-45BF-7B5A-9A23-BCAC62705F41\"><span>The UNESCO Tour route starts in Bern\'s Old Town and leads to the&nbsp;<a href=\"https://www.bern.com/en/detail/the-rose-garden\" target=\"_blank\">Rose Garden</a>, a popular selfie spot with a breathtaking view. It also goes by the&nbsp;<a href=\"https://www.bernermuenster.ch/de/index.php\" target=\"_blank\">Bern Cathedral</a>&nbsp;and the city\'s mountain, the Gurten, before heading out to more rural settings. It\'s 60 kilometers (37 miles) with designated \"easy\" riding conditions.</span></div>\r\n<div class=\"Paragraph__component\" data-paragraph-id=\"paragraph_C246AC06-B59B-FEE7-B77F-BCD634DFE156\"><span>For thrill-seekers who feel the need for speed, there\'s the&nbsp;<a href=\"https://www.gurtenpark.ch/en/leisure/sport-activities/downhill-trail/\" target=\"_blank\">downhill trail at the Gurten</a>. Riders take a funicular to the top before beginning their rapid descent.</span></div>\r\n<div class=\"Paragraph__component\" data-paragraph-id=\"paragraph_8676222F-FB3F-4C35-B7FA-BCDB3FBEC477\"><span>Bern has&nbsp;<a href=\"https://www.bern.com/en/bike/rent-share\" target=\"_blank\">rentals in every category</a>: e-bikes, mountain bikes and more.</span></div>\r\n<div class=\"Paragraph__component\" data-paragraph-id=\"paragraph_C8A0181D-72B2-5689-2C12-CAC7BE8D46F2\">\r\n<h3>Copenhagen, Denmark</h3>\r\n</div>\r\n<div class=\"CaptionedImage__component\">\r\n<div class=\"Image__component CaptionedImage__image Image__isLoaded Image__hasAspectRatio\"><img class=\"Image__image\" src=\"https://dynaimage.cdn.cnn.com/cnn/q_auto,w_634,c_fill,g_auto,h_357,ar_16:9/http%3A%2F%2Fcdn.cnn.com%2Fcnnnext%2Fdam%2Fassets%2F230130084750-04-biking-cities-copenhagen.jpg\" alt=\"Bicyclists in Copenhagen whiz by Christiansborg Palace. \" />\r\n<div class=\"erd_scroll_detection_container erd_scroll_detection_container_animation_active\">&nbsp;</div>\r\n</div>\r\n<div class=\"CaptionedImage__caption\">Bicyclists in Copenhagen whiz by Christiansborg Palace.</div>\r\n<div class=\"CaptionedImage__credit\">William Perugini/Adobe Stock</div>\r\n</div>\r\n<div class=\"Paragraph__component\" data-paragraph-id=\"paragraph_F6FE9453-EC05-FD48-A30B-CABCCF9323BE\"><span>The Danes are known for taking their bicycling culture seriously, and the stats back that up. Roughly 70% own a bike, according to&nbsp;<a href=\"https://api.vejdirektoratet.dk/sites/default/files/2022-06/Onepager_infografisk%20data_EN_A4_WEB.pdf\" target=\"_blank\">the Danish Centre of Cycling Knowledge</a>, and about 45% of commutes in the Copenhagen area are by bike.</span></div>\r\n<div class=\"Paragraph__component\" data-paragraph-id=\"paragraph_69E66526-45EC-EA6E-619A-C62B1D249EF6\"><span>The first bike lane in Denmark was set up in 1892 in Copenhagen. Today, the capital has 385 kilometers (239 miles) of bike lanes, according to&nbsp;<a href=\"https://www.visitdenmark.com/press/latest-news/facts-and-figures-cycling-denmark\" target=\"_blank\">VisitDenmark.com</a>. Bicyclists and drivers also safely share the same roadway in many places. Thanks to&nbsp;<a href=\"https://www.visitcopenhagen.com/copenhagen/activities/what-makes-copenhagen-worlds-most-bicycle-friendly-capital\" target=\"_blank\">Danish design innovations</a>&nbsp;such as narrowed streets and textured surfaces, cars drive slower.</span></div>\r\n<div class=\"Paragraph__component\" data-paragraph-id=\"paragraph_DCF0284D-4EAF-42DD-E096-C63385FFDE96\"><span>Tourists can get in on the pedaling action for general transport or with themed routes.</span></div>\r\n<div class=\"Paragraph__component\" data-paragraph-id=\"paragraph_9E4E88BB-B12A-DD4C-7CB5-C6370CAF7F93\"><span>For folks who love design, there\'s&nbsp;<a href=\"https://www.visitcopenhagen.com/copenhagen/activities/architectural-big-bike-tour\" target=\"_blank\">a 22-kilometer (16.7-mile) route</a>&nbsp;that covers the buildings of innovative architect Bjarke Ingels. The&nbsp;<a href=\"https://www.visitcopenhagen.com/copenhagen/planning/harbour-circle-gdk1117372\" target=\"_blank\">Harbour Circle route</a>&nbsp;offers 13 kilometers (21 miles) of waterside sites. Famous Tivoli Gardens is an easy ride from the center of the city, but you\'ll have to put it in&nbsp;<a href=\"https://www.tivoli.dk/en/praktisk/haveregulativ\" target=\"_blank\">a bike rack before entering the park</a>.</span></div>\r\n<div class=\"Paragraph__component\" data-paragraph-id=\"paragraph_102408A8-5EBA-12DC-DFA4-C64689C01C69\"><span><a href=\"https://www.visitcopenhagen.com/copenhagen/activities/copenhagen-bike-rentals\" target=\"_blank\">Click here</a>&nbsp;for a list of bike rentals, and&nbsp;<a href=\"https://www.visitcopenhagen.com/copenhagen/planning/biking-rules-copenhagen\" target=\"_blank\">then click here</a>&nbsp;for the city\'s biking rules. A bonus for tourists not in tiptop shape: Copenhagen is mostly flat.</span></div>\r\n<div class=\"Paragraph__component\" data-paragraph-id=\"paragraph_5399273D-D372-A2B4-2D09-CAC7E0A0ABD3\">\r\n<h3>Leipzig, Germany</h3>\r\n</div>\r\n<div class=\"CaptionedImage__component\">\r\n<div class=\"Image__component CaptionedImage__image Image__isLoaded Image__hasAspectRatio\"><img class=\"Image__image\" src=\"https://dynaimage.cdn.cnn.com/cnn/q_auto,w_634,c_fill,g_auto,h_357,ar_16:9/http%3A%2F%2Fcdn.cnn.com%2Fcnnnext%2Fdam%2Fassets%2F230130084800-05-biking-cities-leipzig.jpg\" alt=\"Like much of Leipzig, the Augustusplatz is bicycle-friendly. It holds cultural attractions, including the Oper Leipzig (opera house) and the Mendebrunnen fountain in front of the Gewandhaus concert hall.\" />\r\n<div class=\"erd_scroll_detection_container erd_scroll_detection_container_animation_active\">&nbsp;</div>\r\n</div>\r\n<div class=\"CaptionedImage__caption\">Like much of Leipzig, the Augustusplatz is bicycle-friendly. It holds cultural attractions, including the Oper Leipzig (opera house) and the Mendebrunnen fountain in front of the Gewandhaus concert hall.</div>\r\n<div class=\"CaptionedImage__credit\">Animaflora PicsStock/Adobe Stock</div>\r\n</div>\r\n<div class=\"Paragraph__component\" data-paragraph-id=\"paragraph_DB64B311-1404-C735-F899-CABCDABCB53F\"><span>Numerous German cities claim enviable spots on the&nbsp;<a href=\"https://de.luko.eu/en/advice/guide/bike-index/\" target=\"_blank\">Global Bicycle Cities Index</a>, and longtime cultural juggernaut Leipzig is one of them.</span></div>\r\n<div class=\"Paragraph__component\" data-paragraph-id=\"paragraph_F774B8F7-EB36-610F-C124-C721E5D1807B\"><span>Roughly 185 kilometers (115 miles) southwest of Berlin, Leipzig was the longtime home of Baroque composer Johann Sebastian Bach. It\'s also home to an impressive biking system on a serious growth spurt.</span></div>\r\n<div class=\"RelatedArticle__component\">\r\n<div class=\"RelatedArticle__label\">Related content</div>\r\n<a class=\"RelatedArticle__link\" href=\"https://edition.cnn.com/travel/article/world-best-hiking-trails-cmd/index.html\" target=\"_blank\">23 of the world\'s best hiking trails</a></div>\r\n<div class=\"Paragraph__component\" data-paragraph-id=\"paragraph_944171A3-8736-2F0E-3E20-C773558E76D8\"><span>In 1990, Leipzig had 70 kilometers (43.5 miles) of bike paths. Today, there are more than 400 kilometers (almost 250 miles) of paths,&nbsp;<a href=\"https://english.leipzig.de/leisure-culture-and-tourism/sports-and-recreation/recreational-and-mass-sports/cycling\" target=\"_blank\">according to the city government.</a><span>&nbsp;</span>Cycling is generally permitted in green spaces and in the city\'s parks.</span></div>\r\n<div class=\"Paragraph__component\" data-paragraph-id=\"paragraph_68B244B0-EA52-476E-F32D-C74B4FADE3C9\"><span>Travelers can bike to and park right across from top sites such as&nbsp;<a href=\"https://www.leipzig.travel/en/poi/st-nicholas-church\" target=\"_blank\">St. Nicolas Church</a>, a center point of history ranging from Bach in 1723 to the 1989 revolution in then-East Germany. Lovers of classical composers might want to shell out the euros for a&nbsp;<a href=\"https://www.lipzitours.de/en/bike-tour-leipzig-music-trail\" target=\"_blank\">three-hour tour of historical music sites</a>.</span></div>\r\n<div class=\"Paragraph__component\" data-paragraph-id=\"paragraph_50CAAC2E-E9F2-739A-F960-C78BCB84ADB4\"><span>The city features&nbsp;<a href=\"https://english.leipzig.de/leisure-culture-and-tourism/sports-and-recreation/recreational-and-mass-sports/cycling\" target=\"_blank\">hilly and flat routes</a>, and&nbsp;<a href=\"https://www.nextbike.de/leipzig/de/\" target=\"_blank\">Nextbike</a>&nbsp;is a ubiquitous rental option.</span></div>\r\n<div class=\"Paragraph__component\" data-paragraph-id=\"paragraph_A84B0C55-B3B7-7126-DF26-CAC7FD033198\">\r\n<h3>Melbourne, Australia</h3>\r\n</div>\r\n<div class=\"CaptionedImage__component\">\r\n<div class=\"Image__component CaptionedImage__image Image__isLoaded Image__hasAspectRatio\"><img class=\"Image__image\" src=\"https://dynaimage.cdn.cnn.com/cnn/q_auto,w_634,c_fill,g_auto,h_357,ar_16:9/http%3A%2F%2Fcdn.cnn.com%2Fcnnnext%2Fdam%2Fassets%2F230130084755-06-biking-cities-melbourne.jpg\" alt=\"A cyclist rides on the Webb Bridge in Docklands, Melbourne.  Spanning the Yarra River, the bridge is only for cyclists and pedestrians. \" />\r\n<div class=\"erd_scroll_detection_container erd_scroll_detection_container_animation_active\">&nbsp;</div>\r\n</div>\r\n<div class=\"CaptionedImage__caption\">A cyclist rides on the Webb Bridge in Docklands, Melbourne. Spanning the Yarra River, the bridge is only for cyclists and pedestrians.</div>\r\n<div class=\"CaptionedImage__credit\">ymgerman/iStock Editorial/Getty Images</div>\r\n</div>\r\n<div class=\"Paragraph__component\" data-paragraph-id=\"paragraph_2FF3C0E4-3985-F11B-94FB-CAC510C6B3F6\"><span>Melbourne\'s scenic beauty, culture spots and casual eateries are that much more fun when you arrive by bike.</span></div>\r\n<div class=\"Paragraph__component\" data-paragraph-id=\"paragraph_5B40D4C4-F148-2DEF-38FF-CC4C20780C48\"><span>The city has more than 135 kilometers (84 miles) of on- and off-road routes and is&nbsp;<a href=\"https://www.melbourne.vic.gov.au/parking-and-transport/cycling/Pages/cycling-lanes-and-routes.aspx\" target=\"_blank\">fast-tracking more</a>.</span></div>\r\n<div class=\"Paragraph__component\" data-paragraph-id=\"paragraph_7BAC8BF3-0DD9-9F6C-C2CB-CC4FD997C7A0\"><span>One riding highlight is the&nbsp;<a href=\"https://www.melbourne.vic.gov.au/SiteCollectionDocuments/capital-city-trail.pdf\" target=\"_blank\">Capital City Trail</a>. Cyclists share its 29 kilometers (18 miles) with pedestrians. It circles the inner city and goes through some eastern and northern suburbs.</span></div>\r\n<div class=\"Paragraph__component\" data-paragraph-id=\"paragraph_4E34F9B0-81A1-2F95-6E87-CC58DD20FF54\"><span>Waterways and bike paths just seem to go together, and so it is in Melbourne.</span></div>\r\n<div class=\"Paragraph__component\" data-paragraph-id=\"paragraph_64943B44-5E65-E950-1579-CC63EED96E1E\"><span>The&nbsp;<a href=\"https://www.visitvictoria.com/regions/melbourne/see-and-do/outdoor-and-adventure/cycling/maribyrnong-river-trail\" target=\"_blank\">Maribyrnong River Trail</a>&nbsp;has an easy/moderate grade and takes riders past the&nbsp;<a href=\"https://www.vrc.com.au/\" target=\"_blank\">Flemington Racecourse</a>, a major horse racing venue, as well as&nbsp;<a href=\"https://www.maribyrnong.vic.gov.au/Park/Pipemakers-Park\" target=\"_blank\">Pipemakers Park</a>, where visitors can explore the historic buildings and wetlands. Folks who aren\'t too tired can take on a steep climb to the&nbsp;<a href=\"https://www.facebook.com/pages/Lily-Street-Lookout/178859572145689\" target=\"_blank\">scenic lookout at Lily Street</a>.</span></div>\r\n<div class=\"Paragraph__component\" data-paragraph-id=\"paragraph_646EB8AB-BE73-71BD-A3D0-CC65F4F88BC9\"><span>The&nbsp;<a href=\"https://www.visitmelbourne.com/regions/melbourne/see-and-do/outdoor-and-adventure/cycling/main-yarra-trail\" target=\"_blank\">Main Yarra Trail</a>&nbsp;offers up to 33 kilometers (20.5 miles) of great river views and takes riders&nbsp;<a href=\"https://www.travelvictoria.com.au/melbourne/\" target=\"_blank\">to the bustling CBD</a>.</span></div>\r\n<div class=\"Paragraph__component\" data-paragraph-id=\"paragraph_52A1098A-537A-F3F9-9C61-CC4F3EB2E980\"><span><a href=\"https://www.melbourne.vic.gov.au/parking-and-transport/cycling/Pages/cycling-lanes-and-routes.aspx\" target=\"_blank\">Bike helmets are mandatory</a>&nbsp;in Melbourne.&nbsp;<a href=\"https://melbournebikeshare.com.au/\" target=\"_blank\">Click here</a>&nbsp;to learn more about the city\'s bike-sharing app and get general advice.</span></div>\r\n<div class=\"Paragraph__component\" data-paragraph-id=\"paragraph_1391847D-10AC-1F1A-78A7-CAC5DA8BCBA2\">\r\n<h3>Montreal, Canada</h3>\r\n</div>\r\n<div class=\"CaptionedImage__component\">\r\n<div class=\"Image__component CaptionedImage__image Image__isLoaded Image__hasAspectRatio\"><img class=\"Image__image\" src=\"https://dynaimage.cdn.cnn.com/cnn/q_auto,w_634,c_fill,g_auto,h_357,ar_16:9/http%3A%2F%2Fcdn.cnn.com%2Fcnnnext%2Fdam%2Fassets%2F230130085035-07-biking-cities-montreal.jpg\" alt=\"Montreal is a year-round biking city, but its two-wheeled charms are probably best explored in warmer weather.\" />\r\n<div class=\"erd_scroll_detection_container erd_scroll_detection_container_animation_active\">&nbsp;</div>\r\n</div>\r\n<div class=\"CaptionedImage__caption\">Montreal is a year-round biking city, but its two-wheeled charms are probably best explored in warmer weather.</div>\r\n<div class=\"CaptionedImage__credit\">Eva Blue/Tourism Montreal</div>\r\n</div>\r\n<div class=\"Paragraph__component\" data-paragraph-id=\"paragraph_39841F0A-F5E0-9285-043D-CAC51AFDD04B\"><span>This bilingual city, set on an island in the St. Lawrence River, has embraced bicycles in a big way.</span></div>\r\n<div class=\"Paragraph__component\" data-paragraph-id=\"paragraph_3AE831CC-3CED-58F7-F180-CBDCB95418C4\"><span>Since the 1980s, Montreal has invested in bike infrastructure with hundreds of kilometers of paths and lanes,&nbsp;<a href=\"https://copenhagenize.eu/news-archive/2021/10/13/aii1s16dcoyacyvwki2t11z3tayv4k\" target=\"_blank\">according to urban bicycle advocacy group Copenhagenize</a>.</span></div>\r\n<div class=\"Paragraph__component\" data-paragraph-id=\"paragraph_79E08B21-58E5-E735-D509-CBB1C66E5138\"><span>Now, the city plans to expand,&nbsp;<a href=\"https://www.cbc.ca/news/canada/montreal/bike-path-infrastructure-secured-1.6636576\" target=\"_blank\">according to the CBC</a>, by adding about 200 kilometers (125 miles) of protected, dedicated bike lanes over the next five years.</span></div>\r\n<div class=\"Paragraph__component\" data-paragraph-id=\"paragraph_1C2D21BC-E65C-DE11-57AE-CBDE19B9E5C6\"><span>Visitors can already&nbsp;<a href=\"https://www.mtl.org/en/experience/bike-rides-perfect-visitors\" target=\"_blank\">bike between six of Montreal\'s favorite parks</a>: The famous&nbsp;<a href=\"https://www.mtl.org/en/what-to-do/activities/mount-royal-park\" target=\"_blank\">Mount Royal</a>&nbsp;as well as Parc Fr&eacute;d&eacute;ric-Back, Parc Jarry, Parc Jean-Drapeau, Parc Maisonneuve and&nbsp;<a href=\"https://www.mtl.org/en/what-to-do/activities/parc-nature-de-l-ile-de-la-visitation\" target=\"_blank\">&Icirc;le-de-la-Visitation</a>&nbsp;in the Prairies River.</span></div>\r\n<div class=\"Paragraph__component\" data-paragraph-id=\"paragraph_0E03E84F-C266-20E2-82B8-CBE7140828F9\"><span>More options: The&nbsp;<a href=\"https://www.mtl.org/en/experience/bike-rides-perfect-visitors\" target=\"_blank\">Lachine Canal</a>&nbsp;route (about 40 kilometers or 25 miles roundtrip) goes through some of Montreal\'s hippest \'hoods.&nbsp;<a href=\"https://montreal-ca.translate.goog/articles/le-rev-un-reseau-express-velo-4666?_x_tr_sl=fr&amp;_x_tr_tl=en&amp;_x_tr_hl=en&amp;_x_tr_pto=sc\" target=\"_blank\">The R&eacute;seau Express V&eacute;lo</a>&nbsp;(REV) provides fast cycling across some of the city\'s busiest neighborhoods without facing any car traffic.</span></div>\r\n<div class=\"Paragraph__component\" data-paragraph-id=\"paragraph_F51D757C-2CE3-5C56-1E0D-CBF185371960\"><span><a href=\"https://gobiking.ca/quebec-rides/cycling-in-montreal/\" target=\"_blank\">Click here</a>&nbsp;for some other great sightseeing routes.</span></div>\r\n<div class=\"Paragraph__component\" data-paragraph-id=\"paragraph_A046BC10-A7AD-FF08-2793-CBE946AAF807\"><span><a href=\"https://montreal.ca/en/topics/cycling-and-bike-paths\" target=\"_blank\">Most paths are open in the city\'s challenging winters</a>, but portions might be blocked waiting for snow removal. The citywide&nbsp;<a href=\"https://bixi.com/en\" target=\"_blank\">BIXI bike rental program</a>&nbsp;opens back up in the spring.</span></div>\r\n<div class=\"Paragraph__component\" data-paragraph-id=\"paragraph_A26FE991-17F2-F35A-34AC-C146BBD2CE30\">\r\n<h3>San Francisco, California</h3>\r\n</div>\r\n<div class=\"CaptionedImage__component\">\r\n<div class=\"Image__component CaptionedImage__image Image__isLoaded Image__hasAspectRatio\"><img class=\"Image__image\" src=\"https://dynaimage.cdn.cnn.com/cnn/q_auto,w_634,c_fill,g_auto,h_357,ar_16:9/http%3A%2F%2Fcdn.cnn.com%2Fcnnnext%2Fdam%2Fassets%2F230130085040-08-biking-cities-san-francisco.jpg\" alt=\"What a view! It\'s hard to beat a glimpse of the Golden Gate Bridge while riding a bike. Unless you decide to bike over the bridge itself.\" />\r\n<div class=\"erd_scroll_detection_container erd_scroll_detection_container_animation_active\">&nbsp;</div>\r\n</div>\r\n<div class=\"CaptionedImage__caption\">What a view! It\'s hard to beat a glimpse of the Golden Gate Bridge while riding a bike. Unless you decide to bike over the bridge itself.</div>\r\n<div class=\"CaptionedImage__credit\">Alperen Aydin/EyeEm/Getty Images</div>\r\n</div>\r\n<div class=\"Paragraph__component\" data-paragraph-id=\"paragraph_69B07290-3BB5-CAA4-2B75-E036ACF44193\"><span>Many of the top bicycling cities are in Europe, but the United States does have some offerings, including tourist favorite San Francisco.</span></div>\r\n<div class=\"Paragraph__component\" data-paragraph-id=\"paragraph_E36D2F78-49A3-246C-A569-E037857250A7\"><span>The city had almost 464 miles (747 kilometers) in&nbsp;<a href=\"https://www.sfmta.com/sites/default/files/reports-and-documents/2022/05/bikereport2022_final.pdf\" target=\"_blank\">its bikeway network</a>&nbsp;as of May 2022. And 121 miles (195 kilometers) were protected.</span></div>\r\n<div class=\"Paragraph__component\" data-paragraph-id=\"paragraph_734D4E07-EB0E-AA84-78B7-E046018D0A8A\"><span>CNN Travel emailed Nesrine Majzoub, director of marketing and communications for the San Francisco Bicycle Coalition, for some bike-riding tips in the notoriously hilly city.</span></div>\r\n<div class=\"Paragraph__component\" data-paragraph-id=\"paragraph_642B5001-2CA6-184A-08C3-E08113153FDF\"><span>\"Thankfully, our bike paths choose the safest path with the least amount of hills. So, it\'s really valuable to look at the \'biking\' route in your GPS and map options, because those paths will allow you to avoid the hills as much as possible,\" said Majzoub.</span></div>\r\n<div class=\"RelatedArticle__component\">\r\n<div class=\"RelatedArticle__label\">Related content</div>\r\n<a class=\"RelatedArticle__link\" href=\"https://edition.cnn.com/travel/article/presidio-tunnel-tops-parkland-san-francisco-california/index.html\" target=\"_blank\">Presidio Tunnel Tops: A new entry for your San Francisco to-do list</a></div>\r\n<div class=\"Paragraph__component\" data-paragraph-id=\"paragraph_18CAACD9-D153-BF54-4222-E08180CB65B0\"><span>\"For example, if you\'re downtown and want to bike west towards the Panhandle and Golden Gate Park, you can take what we call \'The Wiggle\' -- a bike path that will wiggle you around the hills and have a much more accessible slope,\" she said.&nbsp;<a href=\"https://www.california.com/must-ride-bike-routes-san-francisco/\" target=\"_blank\">Click here</a>&nbsp;for more bike route suggestions.</span></div>\r\n<div class=\"Paragraph__component\" data-paragraph-id=\"paragraph_6836BFFC-287C-757C-2431-E081F79538EA\"><span>Another option: renting an e-bike. \"Take it as slow as you want and enjoy the ride, Majzoub said.</span></div>\r\n<div class=\"Paragraph__component\" data-paragraph-id=\"paragraph_BEC05510-DCCD-7770-9505-E085F78E76C9\"><span>If you\'re tired, you can also place your bike on a rack of a Muni bus. Find out&nbsp;<a href=\"https://www.sfmta.com/getting-around/bike/bikes-muni\" target=\"_blank\">public transit details here</a>.</span></div>\r\n<div class=\"Paragraph__component\" data-paragraph-id=\"paragraph_80DFA191-99D6-E22F-D236-E084CB4C4EF7\"><span>If you want a memorable challenge, click here to find out about&nbsp;<a href=\"https://www.inside-guide-to-san-francisco-tourism.com/bike-the-golden-gate-bridge.html\" target=\"_blank\">riding the Golden Gate Bridge</a>.</span></div>\r\n<div class=\"Paragraph__component\" data-paragraph-id=\"paragraph_8839AC27-5366-CFFE-3D65-CAC5C994445E\">\r\n<h3>Strasbourg, France</h3>\r\n</div>\r\n<div class=\"CaptionedImage__component\">\r\n<div class=\"Image__component CaptionedImage__image Image__isLoaded Image__hasAspectRatio\"><img class=\"Image__image\" src=\"https://dynaimage.cdn.cnn.com/cnn/q_auto,w_634,c_fill,g_auto,h_357,ar_16:9/http%3A%2F%2Fcdn.cnn.com%2Fcnnnext%2Fdam%2Fassets%2F230130085048-09-biking-cities-strasbourg.jpg\" alt=\"Petite-France is a medieval district with typical half-timbered houses and very popular with tourists, including those on bikes.\" />\r\n<div class=\"erd_scroll_detection_container erd_scroll_detection_container_animation_active\">&nbsp;</div>\r\n</div>\r\n<div class=\"CaptionedImage__caption\">Petite-France is a medieval district with typical half-timbered houses and very popular with tourists, including those on bikes.</div>\r\n<div class=\"CaptionedImage__credit\">imantsu/iStock Unreleased/Getty Images</div>\r\n</div>\r\n<div class=\"Paragraph__component\" data-paragraph-id=\"paragraph_B244A026-0D3C-D44A-5EA3-CAC5C994FDF2\"><span>Numerous German cities are well-regarded for their biking culture, so perhaps it\'s no surprise that the \"French Cycling Capital\" is the city of Strasbourg, which sits just across the Rhine River from Germany and has a heavy Teutonic influence.</span></div>\r\n<div class=\"Paragraph__component\" data-paragraph-id=\"paragraph_B6FB9984-CB17-12B1-CF28-C1E0DA8707AD\"><span>With a metro population of about 480,000 people, Strasbourg sports around 600 kilometers (375 miles) of bike paths,&nbsp;<a href=\"https://www.visitstrasbourg.fr/en/discover/the-french-cycling-capital/\" target=\"_blank\">according to the Office de Tourisme Strasbourg</a>. An estimated 16% of workers use bicycles to get to work. And tourists can get in on the action.</span></div>\r\n<div class=\"Paragraph__component\" data-paragraph-id=\"paragraph_CD1D8E97-AD9D-2972-2AB9-C1E8E5819C2D\"><span>At least 6,000 bikes are available at self-service stations 24/7.&nbsp;<a href=\"https://www.visitstrasbourg.fr/en/organising-my-stay/travelling-to-and-around-strasbourg/getting-around-in-strasbourg/by-bicycle/F223008950_velhop-centre-strasbourg/\" target=\"_blank\">V&eacute;lhop</a>&nbsp;is the major bike-sharing service in the city, offering conventional bikes, kids\' bikes, tandems, e-bikes and electric cargo bikes.</span></div>\r\n<div class=\"Paragraph__component\" data-paragraph-id=\"paragraph_4BE3690C-B2BF-D80C-551F-C1EB8C42405B\"><span>The route planning and navigation app&nbsp;<a href=\"https://www.komoot.com/guide/1524855/cycling-around-strassburg\" target=\"_blank\">Komoot</a>&nbsp;suggests a 19.3-kilometer (12-mile) route through the heart of Strasbourg that\'s rated as \"easy\" and takes about an hour. It winds through the Petite-France neighborhood situated along the city\'s canals, where Instagram-worthy half-timbered homes still stand.</span></div>\r\n<div class=\"Paragraph__component\" data-paragraph-id=\"paragraph_ACA13D00-9F29-2E18-CA74-C1FB193874A5\"><span>Strasbourg is so steeped in biking that hotels such as the&nbsp;<a href=\"https://en.bw-monopole.com/4448-bicycles/4447-bicycle-friendly.html\" target=\"_blank\">Best Western Plus Monopole M&eacute;tropole</a>&nbsp;have webpages and staff devoted specifically to people who wish to bike while visiting.</span></div>\r\n<div class=\"Paragraph__component\" data-paragraph-id=\"paragraph_5431389B-E71E-23A8-FA8F-CAC5B30ECEB6\">\r\n<h3>Tel Aviv, Israel</h3>\r\n</div>\r\n<div class=\"CaptionedImage__component\">\r\n<div class=\"Image__component CaptionedImage__image Image__isLoaded Image__hasAspectRatio\"><img class=\"Image__image\" src=\"https://dynaimage.cdn.cnn.com/cnn/q_auto,w_634,c_fill,g_auto,h_357,ar_16:9/http%3A%2F%2Fcdn.cnn.com%2Fcnnnext%2Fdam%2Fassets%2F230130085926-10-biking-cities-tel-aviv.jpg\" alt=\"Beach culture and bike culture have a happy meeting in Tel Aviv. This is Hilton Beach. \" />\r\n<div class=\"erd_scroll_detection_container erd_scroll_detection_container_animation_active\">&nbsp;</div>\r\n</div>\r\n<div class=\"CaptionedImage__caption\">Beach culture and bike culture have a happy meeting in Tel Aviv. This is Hilton Beach.</div>\r\n<div class=\"CaptionedImage__credit\">Maremagnum/Photodisc/Getty Images</div>\r\n</div>\r\n<div class=\"Paragraph__component\" data-paragraph-id=\"paragraph_645AB62E-D978-D48E-1E93-D056A6C58F0E\"><span>Israel\'s sophisticated, Bauhaus-styled city on the Mediterranean Sea has the makings of a bicycling paradise.</span></div>\r\n<div class=\"Paragraph__component\" data-paragraph-id=\"paragraph_91A5BE7F-AEEA-1895-8AE6-C6C869287A11\"><span>It already features flat topography like Copenhagen but offers warmer, sunnier weather. And&nbsp;<a href=\"https://www.tel-aviv.gov.il/en/Live/Transportation/Pages/Bicycles%20and%20Scooters.aspx\" target=\"_blank\">the city government</a>&nbsp;has an ever-increasing commitment to cultivating a world-class bicycling culture.</span></div>\r\n<div class=\"Paragraph__component\" data-paragraph-id=\"paragraph_28E936D3-CE8E-3E53-1418-C6C9D9711611\"><span>The city touts the time-savings that biking can give visitors. For instance, a ride from&nbsp;<a href=\"https://www.tel-aviv.gov.il/en/Visit/Top10Places/Pages/default.aspx\" target=\"_blank\">Rabin Square</a>, the main plaza in Tel Aviv, to lush&nbsp;<a href=\"https://www.touristisrael.com/hayarkon-park/1098/\" target=\"_blank\">HaYarkon Park</a>&nbsp;is about seven minutes away. Popular&nbsp;<a href=\"https://www.worldbeachguide.com/israel/gordon-beach.htm\" target=\"_blank\">Gordon Beach</a>&nbsp;is also a short bike ride away.</span></div>\r\n<div class=\"Paragraph__component\" data-paragraph-id=\"paragraph_29057829-5CB4-5D80-794F-C6F00AEF041F\"><span>Shady, cafe-lined&nbsp;<a href=\"https://www.touristisrael.com/rothschild-boulevard-tel-aviv/5275/\" target=\"_blank\">Rothschild Boulevard</a>, which cuts through the gleaming buildings of the White City, makes for excellent biking.</span></div>\r\n<div class=\"Paragraph__component\" data-paragraph-id=\"paragraph_4EF0D03E-180B-E54C-429D-C6CF139EC77F\"><span><a href=\"https://www.tel-o-fun.co.il/en/\" target=\"_blank\">Tel-O-Fun</a>&nbsp;offers rental options throughout the city via an app.</span></div>\r\n<div class=\"Paragraph__component\" data-paragraph-id=\"paragraph_9172E794-CE1B-4ED0-F7D3-C6F58C560C98\"><span>Helmets are not mandatory in Tel Aviv, according to&nbsp;<a href=\"https://www.touristisrael.com/exploring-tel-aviv-by-bike/23295/\" target=\"_blank\">Tourist Israel</a>, but more locals are starting to wear them.</span></div>\r\n<div class=\"Paragraph__component\" data-paragraph-id=\"paragraph_4A7551A1-52E4-0659-8CE5-CAC5A46A07FF\">\r\n<h3>Utrecht, Netherlands</h3>\r\n</div>\r\n<div class=\"CaptionedImage__component\">\r\n<div class=\"Image__component CaptionedImage__image Image__isLoaded Image__hasAspectRatio\"><img class=\"Image__image\" src=\"https://dynaimage.cdn.cnn.com/cnn/q_auto,w_634,c_fill,g_auto,h_357,ar_16:9/http%3A%2F%2Fcdn.cnn.com%2Fcnnnext%2Fdam%2Fassets%2F230130085958-11-biking-cities-utrecht.jpg\" alt=\"If you don\'t want to deal with the crowds of Amsterdam, then head to Utrecht, where you can still get traditional old streets, buildings and waterways as well as a strong bicycle culture.\" />\r\n<div class=\"erd_scroll_detection_container erd_scroll_detection_container_animation_active\">&nbsp;</div>\r\n</div>\r\n<div class=\"CaptionedImage__caption\">If you don\'t want to deal with the crowds of Amsterdam, then head to Utrecht, where you can still get traditional old streets, buildings and waterways as well as a strong bicycle culture.</div>\r\n<div class=\"CaptionedImage__credit\">Olena Znak/Adobe Stock</div>\r\n</div>\r\n<div class=\"Paragraph__component\" data-paragraph-id=\"paragraph_4F5ED05D-B1BE-DE54-37BA-CAC54D196C35\"><span>Amsterdam is justifiably well-regarded for its biking culture and tourism appeal -- to the point the city&nbsp;<a href=\"https://www.cnn.com/travel/article/amsterdam-sex-drugs-tourism/index.html\" target=\"_blank\">now discourages overtourism</a>. That\'s where Utrecht,&nbsp;<a href=\"https://worldpopulationreview.com/countries/cities/netherlands\" target=\"_blank\">the fourth-largest city</a>&nbsp;in the Netherlands, comes riding to the rescue.</span></div>\r\n<div class=\"Paragraph__component\" data-paragraph-id=\"paragraph_4F51D69A-52BF-EF0C-7BDB-C7A76B0AA76F\"><span>It\'s&nbsp;<a href=\"https://de.luko.eu/en/advice/guide/bike-index/\" target=\"_blank\">achieved a No. 1 ranking</a>&nbsp;on the Global Bicycle Cities Index, and&nbsp;<a href=\"https://www.holland.com/global/tourism/destinations/utrecht.htm\" target=\"_blank\">it has plenty of its own</a>&nbsp;parks, canals, museums and historic buildings to offer without Amsterdam-level crowds. And it\'s all connected by bike paths.</span></div>\r\n<div class=\"Paragraph__component\" data-paragraph-id=\"paragraph_90364A70-82BB-2C03-9761-C7A633F80DEF\"><span>The manageable city of about 362,000 people had&nbsp;<a href=\"https://www.utrecht.nl/city-of-utrecht/mobility/cycling/\" target=\"_blank\">420 kilometers (261 miles) of bike paths</a>&nbsp;in 2021. It also claims to have&nbsp;<a href=\"https://www.discover-utrecht.com/location/bicycle-shed-central-station-utrecht\" target=\"_blank\">the world\'s largest bicycle parking facility</a>&nbsp;at Central Station, with room for 12,500 bikes.</span></div>\r\n<div class=\"Paragraph__component\" data-paragraph-id=\"paragraph_734CC7B6-9A6E-267B-FBCD-C7C56A7CED02\"><span>The Dutch talent for ingenious design is on vivid display here.</span></div>\r\n<div class=\"Paragraph__component\" data-paragraph-id=\"paragraph_BD17078B-8C2D-A0F6-1C14-CB26A86319E1\"><span>The&nbsp;<a href=\"https://www.nextarchitects.com/dafne-schippers-bridge/\" target=\"_blank\">Dafne Schippersbrug bridge</a>&nbsp;spans the Amsterdam-Rhine canal to connect the historic city center to the new district of Leidsche Rijn. But it\'s no ordinary bridge. Dedicated to bicycles and pedestrians, it also integrates a primary school and a park into the design.</span></div>\r\n<div class=\"Paragraph__component\" data-paragraph-id=\"paragraph_6216FBA1-C9CB-5B2E-DACF-CB4ECB024958\"><span><a href=\"https://netherlandsactivities.com/utrecht/bike-rentals/\" target=\"_blank\">Click here</a>&nbsp;for bike rental information.</span></div>\r\n<div class=\"Paragraph__component\" data-paragraph-id=\"paragraph_A386416E-71CA-776D-6281-49814431724D\"><span><em>Top image: See the colorful Copenhagen waterfront by bicycle. (Photo by nantonov/iStock Editorial/Getty Images)</em></span></div>', 4, '88db02af1f.png', 0);
INSERT INTO `news` (`newsId`, `news_title`, `description`, `content`, `cate_post_newsId`, `image`, `status`) VALUES
(5, 'Best electric bikes under 1,000 2023  the best e-bikes on a budget', '<div class=\"author-byline__authors\">\r\n<div class=\"views-field views-field-created\">\r\n<div class=\"museo\">&nbsp;Published Apr 6 2023&nbsp;by&nbsp;<span class=\"username\" xml:lang=\"\">Rebecca Bland</span></div>\r\n</div>\r\n<div class=\"views-field views-field-field-image-or-gallery\">&nbsp;</div>\r\n</div>', '<div class=\"views-field views-field-field-standfirst\">\r\n<h2 class=\"field-content\">Our pick of the best budget e-bikes under &pound;1,000</h2>\r\n</div>\r\n<div class=\"views-field views-field-body\">\r\n<p><strong>Even just a few years ago, you&rsquo;d not have been able to find many decent e-bikes under &pound;1,000. But with the advancement of technology, more and more bikes are being launched or reduced to this budget and the trickling-down of previously more premium tech is occurring.</strong></p>\r\n<p>There are still some trade-offs to be accepted at this price point, however, including battery size, motor quality and overall weight of the bike. If you&rsquo;re wondering what spending a few quid more might get you, why not take a look at our guide to the&nbsp;<span style=\"text-decoration: underline;\"><a href=\"https://ebiketips.road.cc/content/advice/buyers-guide/best-electric-bikes-under-2000-2022-affordable-and-capable-e-bikes-in\">best electric bikes under &pound;2,000</a></span>.</p>\r\n<p>With electric bikes increasing in popularity and manufacturing catching up to the demands by expanding facilities, there&rsquo;s now more choice than ever when it comes to bikes under &pound;1,000. This includes brands you\'ll have heard of, and not just dubious looking things that don&rsquo;t appear that they&rsquo;d last more than a few months. As they typically have smaller batteries, there are lots of&nbsp;<a href=\"https://ebiketips.road.cc/content/advice/buyers-guide/best-electric-folding-bikes-under-2000-2023-portable-e-bikes-on-a-budget\">folding e-bikes</a>&nbsp;at this price point, so if you&rsquo;re looking for a cheap commuter e-bike, you&rsquo;re in the right place.</p>\r\n<p>&nbsp;</p>\r\n<h2><strong>Best electric bikes under &pound;1,000</strong></h2>\r\n<ul>\r\n<li><a href=\"https://ebiketips.road.cc/content/advice/buyers-guide/best-electric-bikes-under-1000-2023#1.%20Fiido%20D11%20-%20%C2%A3844.99%20(best%20folder%20under%20%C2%A31,000)\">Fiido D11 - best folder under &pound;1,000&nbsp;</a>|&nbsp;<a class=\"ext\" href=\"https://promotion.geekbuying.com/promotion/fiido_d11_folding_electric_bike?source=ShareASale&amp;utm_source=ShareASale&amp;utm_content=314743&amp;clickid=41k7_75e87\" rel=\"noopener noreferrer\" target=\"_blank\">Buy now for &pound;844.99 from Geekbuying</a></li>\r\n<li><a href=\"https://ebiketips.road.cc/content/advice/buyers-guide/best-electric-bikes-under-1000-2023#2.%20Eskute%20Wayfarer%20-%20%C2%A3999%20(best%20step-through%20bike%20under%20%C2%A31,000)\">Eskute Wayfarer - best step-through bike under &pound;1,000</a>&nbsp;|&nbsp;<a class=\"ext\" href=\"https://eskute.co.uk/products/wayfarer-electric-bike?wgu=288795_54264_16807054876599_8897836cb6&amp;wgexpiry=1712241487&amp;source=webgains&amp;siteid=54264\" rel=\"noopener noreferrer\" target=\"_blank\">Buy now for &pound;999 from Eskute</a></li>\r\n<li><a href=\"https://ebiketips.road.cc/content/advice/buyers-guide/best-electric-bikes-under-1000-2023#3.%20B%E2%80%99Twin%20Elops%20900e%20-%20%C2%A3999%20(best%20city%20e-bike%20under%20%C2%A31,000)\">B\'Twin Elops 900e - best city e-bike under &pound;1,000</a>&nbsp;|&nbsp;<a class=\"ext\" href=\"https://www.decathlon.co.uk/p/high-frame-electric-city-bike-elops-900-navy-blue/_/R-p-168447?mc=8605298&amp;utm_source=awin&amp;utm_medium=affiliate&amp;utm_campaign=Skimlinks_78888&amp;utm_content=Skimlinks&amp;awc=26895_1680705770_105555147b88e6843caa377714251a77\" rel=\"noopener noreferrer\" target=\"_blank\">Buy now for &pound;999 from Decathlon</a></li>\r\n<li><a href=\"https://ebiketips.road.cc/content/advice/buyers-guide/best-electric-bikes-under-1000-2023#4.%20Mycle%20Compact%20-%20%C2%A3999%20(best%20e-folder%20for%20commuting%20under%20%C2%A31,000)\">Mycle Compact - best e-folder for commuting under &pound;1,000</a>&nbsp;|&nbsp;<a class=\"ext\" href=\"https://www.mycle.co.uk/collections/our-e-bikes/products/compact-folding-electric-bike\" rel=\"noopener noreferrer\" target=\"_blank\">Buy now for &pound;999 from Mycle</a></li>\r\n<li><a href=\"https://ebiketips.road.cc/content/advice/buyers-guide/best-electric-bikes-under-1000-2023#5.%20B\'Twin%20Tilt%20500%20Folding%20-%20%C2%A3799.99%20(best%20value%20folder%20under%20%C2%A31,000)\">B\'Twin Tilt 500 Folding - best value folder under &pound;1,000</a>&nbsp;|&nbsp;<a class=\"ext\" href=\"https://www.decathlon.co.uk/p/20-inch-electric-folding-bike-btwin-500e/_/R-p-145622?utm_source=awin&amp;utm_medium=affiliate&amp;utm_campaign=Skimlinks_78888&amp;utm_content=Skimlinks&amp;awc=26895_1680705772_9e8064d924ec1d773d3489aede8bc79a\" rel=\"noopener noreferrer\" target=\"_blank\">Buy now for &pound;699.99 from Decathlon</a></li>\r\n<li><a href=\"https://ebiketips.road.cc/content/advice/buyers-guide/best-electric-bikes-under-1000-2023#6.%20Halfords%20Assist%20%E2%80%93%20%C2%A3599%20(best%20under%20%C2%A3600)\">Halfords Assist - best under &pound;600</a>&nbsp;|&nbsp;<a class=\"ext\" href=\"https://www.halfords.com/bikes/electric-bikes/assist-hybrid-electric-bike-2021---20in-wheel-457678.html?stockInventory=undefined&amp;utm_medium=affiliate&amp;utm_source=skimlinks_phg&amp;utm_campaign=phgreferral\" rel=\"noopener noreferrer\" target=\"_blank\">Buy now for &pound;494.10 from Halfords</a></li>\r\n<li><a href=\"https://ebiketips.road.cc/content/advice/buyers-guide/best-electric-bikes-under-1000-2023#7.%20Carrera%20Subway%20E%20-%20%C2%A3989.10%20(best%20all-rounder%20under%20%C2%A31,000)\">Carrera Subway E - best all-rounder under &pound;1,000</a>&nbsp;|&nbsp;<a class=\"ext\" href=\"https://www.halfords.com/bikes/electric-bikes/carrera-subway-e-mens-electric-hybrid-bike-2.0---16in-18in-20in-frames-445926.html\" rel=\"noopener noreferrer\" target=\"_blank\">Buy now for &pound;989.10 from Halfords</a></li>\r\n<li><a href=\"https://ebiketips.road.cc/content/advice/buyers-guide/best-electric-bikes-under-1000-2023#8.%20An%20e-bike%20conversion%20kit\">An e-bike conversion kit</a><br /><br />\r\n<h3><a id=\"1. Fiido D11 - &pound;844.99 (best folder under &pound;1,000)\" name=\"1. Fiido D11 - &pound;844.99 (best folder under &pound;1,000)\"></a>1. Fiido D11 - &pound;844.99 (best folder under &pound;1,000)</h3>\r\n<div class=\"dnd-widget-wrapper context-generated_640px_representation type-image\">\r\n<div class=\"dnd-atom-rendered\"><img class=\"image-style-none\" src=\"https://ebiketips.road.cc/sites/default/files/styles/640px/public/thumbnails/image/Fiido%20D11%20folding%20e-bike-1.jpg?itok=yKKpXgnZ\" alt=\"Fiido D11 folding e-bike-1.jpg\" width=\"640\" height=\"426\" data-src=\"https://ebiketips.road.cc/sites/default/files/styles/640px/public/thumbnails/image/Fiido%20D11%20folding%20e-bike-1.jpg?itok=yKKpXgnZ\" /></div>\r\n<div class=\"dnd-caption-wrapper\">&nbsp;</div>\r\n</div>\r\n<p><br />It may be 19kg and thus not perhaps the most easily transportable on trains or buses, but the Fiido D11 is one of many value e-bikes from the firm. Our reviewer said the D11 felt more premium than some other models. It has a nicely designed single beam frame along with 20&rdquo; wheels.</p>\r\n<p>The bike folds at the middle of the frame, and to make it slightly more bearable than lugging 19kg around, the seatpost battery is removable, dropping the weight down to a far more manageable 13.5kg. The rear hub motor isn&rsquo;t massively powerful, but does the job on flatter terrain.</p>\r\n<p><strong>For more detail, read our review of the&nbsp;<a href=\"https://ebiketips.road.cc/content/reviews/electric-folding-bikes/fiido-d11-2545\">Fiido D11</a>.</strong></p>\r\n<p>&nbsp;</p>\r\n<h3><a id=\"2. Eskute Wayfarer - &pound;999 (best step-through bike under &pound;1,000)\" name=\"2. Eskute Wayfarer - &pound;999 (best step-through bike under &pound;1,000)\"></a>2. Eskute Wayfarer - &pound;999 (best step-through bike under &pound;1,000)</h3>\r\n<div class=\"dnd-widget-wrapper context-generated_640px_representation type-image\">\r\n<div class=\"dnd-atom-rendered\"><img class=\"image-style-none\" src=\"https://ebiketips.road.cc/sites/default/files/styles/640px/public/thumbnails/image/Eskute%20Wayfarer%20-%20full%20bike.jpg?itok=8QHtjUb_\" alt=\"Eskute Wayfarer - full bike.jpg\" width=\"640\" height=\"426\" data-src=\"https://ebiketips.road.cc/sites/default/files/styles/640px/public/thumbnails/image/Eskute%20Wayfarer%20-%20full%20bike.jpg?itok=8QHtjUb_\" /></div>\r\n<div class=\"dnd-caption-wrapper\">&nbsp;</div>\r\n</div>\r\n<p><br />The biggest compromise you&rsquo;ll find on an otherwise reasonably attractive bike, is the sizing. One size most certainly doesn&rsquo;t fit all, but Eskute has only produced one size of frame that they say will fit riders between 160cm to 200cm. (Our 189cm tall reviewer found it a bit stretched out.)</p>\r\n<div id=\"Unit5\">\r\n<div id=\"ebiketips_unit5\" align=\"center\" data-freestar-ad=\"__336x280 __300x600\" data-google-query-id=\"CJ_wwqrloP4CFZLAfAod4RIB_A\">\r\n<div id=\"google_ads_iframe_/15188745,269479563/FA-EbikeTips/Unit5_0__container__\"><br />\r\n<div class=\"__fs-ancillary\">&nbsp;</div>\r\n</div>\r\n</div>\r\n</div>\r\n<p>The overall performance stacks up reasonably well considering the price, with a rear hub motor and 360Wh battery. It also comes with a rack, lights and mudguards so you can pretty much ride it straight out of the box without worrying about accessories. It&rsquo;s also one of the few e-bikes at this price point to come with a suspension fork, although whether that adds anything will be down to the riding you do.</p>\r\n<p><strong>For more detail, read our review of the&nbsp;<a href=\"https://ebiketips.road.cc/content/reviews/electric-folding-bikes/fiido-d11-2545\">Eskute Wayfarer</a>.</strong></p>\r\n<p>&nbsp;</p>\r\n<h3><a id=\"3. B&rsquo;Twin Elops 900e - &pound;999 (best city e-bike under &pound;1,000)\" name=\"3. B&rsquo;Twin Elops 900e - &pound;999 (best city e-bike under &pound;1,000)\"></a>3. B&rsquo;Twin Elops 900e - &pound;999 (best city e-bike under &pound;1,000)</h3>\r\n<div class=\"dnd-widget-wrapper context-generated_640px_representation type-image\">\r\n<div class=\"dnd-atom-rendered\"><img class=\"image-style-none\" src=\"https://ebiketips.road.cc/sites/default/files/styles/640px/public/thumbnails/image/B%27Twin%20Elops%20900e-1.jpg?itok=Ldv1kRRB\" alt=\"B\'Twin Elops 900e-1.jpg\" width=\"640\" height=\"426\" data-src=\"https://ebiketips.road.cc/sites/default/files/styles/640px/public/thumbnails/image/B%27Twin%20Elops%20900e-1.jpg?itok=Ldv1kRRB\" /></div>\r\n<div class=\"dnd-caption-wrapper\">&nbsp;</div>\r\n</div>\r\n<p><br />The B&rsquo;Twin Elops 900e is a rather stylish looking c<span style=\"text-decoration: underline;\">i</span>ty bike, and at just shy of &pound;1,000, it&rsquo;s reasonably priced for the spec. It&rsquo;s available in a diamond frame (as above) or as a step-through configuration, so it&rsquo;s accessible to a wider audience.</p>\r\n<p>Decathlon suggests a range of up to 70km, which for many would equate to at least a few days&rsquo; worth of commuting or errand running. A seven-speed drivetrain helps to make inclines a little less intimidating, although the motor could be slightly better to help riders really cope with hilly terrain.</p>\r\n<p><strong>For more detail, read our review of the&nbsp;<a href=\"https://ebiketips.road.cc/content/reviews/electric-city-bikes/btwin-elops-900e-1672\">B&rsquo;Twin Elops 900e</a>.</strong></p>\r\n<p>&nbsp;</p>\r\n<h3><a id=\"4. Mycle Compact - &pound;999 (best e-folder for commuting under &pound;1,000)\" name=\"4. Mycle Compact - &pound;999 (best e-folder for commuting under &pound;1,000)\"></a>4. Mycle Compact - &pound;999 (best e-folder for commuting under &pound;1,000)</h3>\r\n<div class=\"dnd-widget-wrapper context-generated_640px_representation type-image\">\r\n<div class=\"dnd-atom-rendered\"><img class=\"image-style-none\" src=\"https://ebiketips.road.cc/sites/default/files/styles/640px/public/thumbnails/image/DSC_0226_0.jpeg?itok=JNInqggV\" alt=\"Mycle Compact Plus_riding.jpeg\" width=\"640\" height=\"426\" data-src=\"https://ebiketips.road.cc/sites/default/files/styles/640px/public/thumbnails/image/DSC_0226_0.jpeg?itok=JNInqggV\" /></div>\r\n<div class=\"dnd-caption-wrapper\">&nbsp;</div>\r\n</div>\r\n<p><br />While we reviewed the slightly higher spec Mycle Compact Plus, the company has just lowered the prices across its range, including the plain old Compact, which has now dipped below &pound;1,000. The difference between the two models (besides the frame) is in the addition of suspension forks and a larger battery in the Plus &ndash; so if that&rsquo;s important, then it may be worth an extra &pound;200.</p>\r\n<p>The Compact, however, is as it says... compact. It folds quickly using a mid-frame hinge system, and comes with a 230Wh battery which Mycle suggests can offer a 30km range. It weighs 17.5kg so it&rsquo;s not the lightest e-folder. It&rsquo;s perhaps more a car boot bike than one you&rsquo;re likely to be lifting onto public transport. It also comes with a rear rack and is compatible with a range of Mycle accessories, so it would make an ideal compact commuter.</p>\r\n<p><strong>For more detail, read our review of the&nbsp;<a href=\"https://ebiketips.road.cc/content/reviews/folding-e-bike/mycle-compact-plus-4081\">Mycle Compact Plus</a>.</strong></p>\r\n<p>&nbsp;</p>\r\n<h3><a id=\"5. B\'Twin Tilt 500 Folding - &pound;799.99 (best value folder under &pound;1,000)\" name=\"5. B\'Twin Tilt 500 Folding - &pound;799.99 (best value folder under &pound;1,000)\"></a><strong>5. B\'Twin Tilt 500 Folding - &pound;</strong><strong>7</strong><strong>99.99 (best value folder under &pound;1,000)</strong></h3>\r\n<div class=\"dnd-widget-wrapper context-generated_640px_representation type-image\">\r\n<div class=\"dnd-atom-rendered\"><img class=\"image-style-none\" src=\"https://ebiketips.road.cc/sites/default/files/styles/640px/public/thumbnails/image/btwin%20tilt%20500.png?itok=iUiH0GFm\" alt=\"btwin tilt 500.png\" width=\"640\" height=\"426\" data-src=\"https://ebiketips.road.cc/sites/default/files/styles/640px/public/thumbnails/image/btwin%20tilt%20500.png?itok=iUiH0GFm\" /></div>\r\n<div class=\"dnd-caption-wrapper\">&nbsp;</div>\r\n</div>\r\n<p><br />With an estimated range of up to 35km, an easy to use folding mechanism and decent rear-hub motor, the B&rsquo;Twin Tilt 500 Folding e-bike is great value at under &pound;800. Again, it&rsquo;s more suited to folding into a car boot than onto a train as it weighs 18.6kg including battery and motor, but you get a sturdy aluminium frame and tough tyres with puncture protection.</p>\r\n<p>You also get a six-speed Shimano grip shifter operated drivetrain and a 52T chainring. To make it even more useful as a commuter or runaround, it&rsquo;s compatible with several Decathlon bike accessories, including a child trailer and a rear rack.</p>\r\n<p>&nbsp;</p>\r\n<h3><a id=\"6. Halfords Assist &ndash; &pound;599 (best under &pound;600)\" name=\"6. Halfords Assist &ndash; &pound;599 (best under &pound;600)\"></a>6. Halfords Assist &ndash; &pound;599 (best under &pound;600)</h3>\r\n<div class=\"dnd-widget-wrapper context-generated_640px_representation type-image\">\r\n<div class=\"dnd-atom-rendered\"><img class=\"image-style-none\" src=\"https://ebiketips.road.cc/sites/default/files/styles/640px/public/thumbnails/image/halfords%20assist%202020.PNG?itok=e1uPFqzE\" alt=\"halfords assist 2020.PNG\" width=\"640\" height=\"426\" data-src=\"https://ebiketips.road.cc/sites/default/files/styles/640px/public/thumbnails/image/halfords%20assist%202020.PNG?itok=e1uPFqzE\" /></div>\r\n<div class=\"dnd-caption-wrapper\">&nbsp;</div>\r\n</div>\r\n<p><br />For those shopping on a rather tight budget, you&rsquo;re probably not going to find much worth spending your money on below &pound;500. The closest decent bike we&rsquo;ve found is the Halfords Assist, which costs &pound;599 and comes with a front hub motor and external battery which sits under the rear rack.</p>\r\n<p>You get 20&rdquo; wheels, and a max range of roughly 20 miles. That isn\'t a lot, but if you only commute a few miles each way it may be enough for you.</p>\r\n<p>&nbsp;</p>\r\n<h2><a id=\"7. Carrera Subway E - &pound;989.10 (best all-rounder under &pound;1,000)\" name=\"7. Carrera Subway E - &pound;989.10 (best all-rounder under &pound;1,000)\"></a>7. Carrera Subway E - &pound;989.10 (best all-rounder under &pound;1,000)</h2>\r\n<div class=\"dnd-widget-wrapper context-generated_640px_representation type-image\">\r\n<div class=\"dnd-atom-rendered\"><img class=\"image-style-none\" src=\"https://ebiketips.road.cc/sites/default/files/styles/640px/public/thumbnails/image/Carrera%20Subway%20E-4.jpg?itok=JeEKjAtD\" alt=\"Carrera Subway E-4.jpg\" width=\"640\" height=\"426\" data-src=\"https://ebiketips.road.cc/sites/default/files/styles/640px/public/thumbnails/image/Carrera%20Subway%20E-4.jpg?itok=JeEKjAtD\" /></div>\r\n<div class=\"dnd-caption-wrapper\">&nbsp;</div>\r\n</div>\r\n<p><br />A firm favourite at ebiketips, even if it&rsquo;s been around for a few years now. At the time, our reviewer called it, &ldquo;probably the best all-round bike I&rsquo;ve tried that&rsquo;s currently available for less than a thousand pounds.&rdquo; Even when it&rsquo;s not on sale, it only nudges above that price point at &pound;1,099 &ndash; but if it&rsquo;s not on sale and you&rsquo;re keen, we&rsquo;ve seen it drop in price multiple times a year so it&rsquo;s worth holding out for.</p>\r\n<p>The Subway E uses Suntour&rsquo;s HESC 50Nm rear hub motor, which offers torque sensing &ndash; a rarity at this price. You&rsquo;ll also get a 374Wh battery which our reviewer found could exceed the 40km stated range. Overall the Subway E is an excellent value proposition for commuting, leisure rides and everything in between.</p>\r\n<p><strong>For more detail, read our review of the&nbsp;<a href=\"https://ebiketips.road.cc/content/reviews/electric-hybrid/carrera-subway-e-2006\">Carrera Subway E</a>.</strong></p>\r\n<p>&nbsp;</p>\r\n<h2><a id=\"8. An e-bike conversion kit\" name=\"8. An e-bike conversion kit\"></a>8. An e-bike conversion kit</h2>\r\n<div class=\"dnd-widget-wrapper context-generated_640px_representation type-image\">\r\n<div class=\"dnd-atom-rendered\"><img class=\"image-style-none\" src=\"https://ebiketips.road.cc/sites/default/files/styles/640px/public/thumbnails/image/Swytch%20kit%20ready%20for%20fitting.JPG?itok=_vx3kSA-\" alt=\"Swytch kit ready for fitting.JPG\" width=\"640\" height=\"426\" data-src=\"https://ebiketips.road.cc/sites/default/files/styles/640px/public/thumbnails/image/Swytch%20kit%20ready%20for%20fitting.JPG?itok=_vx3kSA-\" /></div>\r\n<div class=\"dnd-caption-wrapper\">&nbsp;</div>\r\n</div>\r\n<p><br />E-bikes are more expensive than unassisted bikes because you\'re effectively buying a whole ordinary bike and then a whole load of electrical componentry on top of that. Here\'s a thing though: you don\'t necessarily need to buy both together.</p>\r\n<p>If you\'ve already got a bike you love and you\'re game for at least some amount of tinkering then you could instead invest in an e-bike conversion kit. Half of those included in our guide to the&nbsp;<a href=\"https://ebiketips.road.cc/content/advice/buyers-guide/best-e-bike-conversion-kits\">best e-bike conversion kits</a>&nbsp;cost less than &pound;1,000 so this could potentially get you a better e-bike at lower cost.</p>\r\n<p>&nbsp;</p>\r\n<h2><strong>How to choose from the best electric bikes under &pound;1,000</strong></h2>\r\n<h4>What kind of frame will an e-bike under &pound;1,000 have?</h4>\r\n<p>At this tight of a budget you won&rsquo;t have as much choice when it comes to frame type. There are unlikely to be any sporty mountain bikes, for example. Instead, you&rsquo;ll find a lot of city bikes and folding bikes. Folding bikes are great for multi-modal commutes or for those who have less storage space, while city bikes are also great for commuting as well as running errands around town in a more relaxed riding position.</p>\r\n<p>More expensive e-bikes might have carbon frames, and although steel-framed e-bikes are less common, they do exist, but will usually cost more than a grand. Cheaper e-bikes (and their components) will also tend to be heavier than more luxurious models. An electric hybrid or e-mountain bike will most likely weigh considerably more than 20kg, which is something to consider if you might have to carry your bike in and out of the house/wherever you store it regularly.</p>\r\n<p>&nbsp;</p>\r\n<h4>Is an electric bike worth buying?</h4>\r\n<p>Absolutely! Although which bike you buy will depend on what you will be using it for. A cheap electric bike like the ones listed above can be good starting points for those on a very tight budget. As e-bike technology develops and e-bikes become more widely adopted, the price of them tends to drop.</p>\r\n<p>Where a few years ago you&rsquo;d be looking at a few thousand pounds minimum, you can now get some for under &pound;1,000, as we&rsquo;ve listed above. If you want something a bit more reliable and more premium, there&rsquo;s plenty of options to choose from &ndash; have a read of our overall guide to the&nbsp;<a href=\"https://ebiketips.road.cc/content/advice/buyers-guide/best-electric-bikes-2023-e-bikes-for-all-budgets-and-riders-4357\">best electric bikes</a>&nbsp;to see what\'s available across other categories and budgets.</p>\r\n<p>&nbsp;</p>\r\n<h4>Which company is best for buying an electric bike?</h4>\r\n<p>This depends on what bike you&rsquo;re buying. If you are purchasing a direct to consumer bike from a brand like Canyon, then you can only buy from them directly. If you are buying an e-bike that is distributed through shops and online retailers, then it&rsquo;s best to buy from somewhere reputable where you can go back if you have any problems.</p>\r\n<p>This is why so many people advocate for their local bike shops. You may not be able to get the best deal on price, but for a little extra you get local customer service and often a discount on the first service for your bike.</p>\r\n<p>&nbsp;</p>\r\n<h4>What kind of brakes are on e-bikes under &pound;1,000?</h4>\r\n<p>For maximum stopping power, hydraulic disc brakes are the golden ticket nowadays and are almost guaranteed to feature on any e-mountain bike or hybrid costing over &pound;2,000. In our price bracket, you\'re going to have to compromise. Some even feature V-brakes. These are less hassle to adjust than a cantilever, and a cheaper option than all-in-one caliper rim brakes.</p>\r\n<p>Mechanical disc brakes feature on numerous e-mountain bikes and hybrids in Decathlon\'s B\'Twin and Rockrider ranges and also on the Carrera Subway E and Crossroad E, but on super budget e-bikes you\'re mostly going to get rim braking. They\'re perfectly fine for most types of riding and have been the brake type of choice for years up until recently; they\'re just not as powerful as disc brakes which can be noticeable on a heavier bike.</p>\r\n<p>&nbsp;</p>\r\n<h4>What type of motor is most common on cheaper e-bikes?</h4>\r\n<p>On e-bikes under &pound;1,000, you\'re all but guaranteed to find the motor in either the rear or front hub (usually the rear). Mid-motors are pricier, starting on e-bikes from around &pound;1,500 up. The maximum sized motor you\'re going to get is 250W of continuous power that cuts out at 25km/h, regardless of how expensive your bike is. The motor might not feed your assistance in quite so smoothly as on more expensive variations when you pedal, but you\'re still technically getting the same average amount of assistance as you would get on e-bikes that cost ten times as much.</p>\r\n<p>&nbsp;</p>\r\n<h4>How much battery range can I expect on an e-bike under &pound;1,000?</h4>\r\n<p>With pricier e-bikes lasting up to 100km before needing to be charged nowadays, you\'re looking at around half of that on e-bikes at this price point. For example, a 310Wh battery will give you about two to three hours of riding at medium levels of assistance; although bear in mind for road and city riding you won\'t need the assistance so much, so you may get quite a bit more out of it. On the trails you\'re going to be using that assistance a lot more, so bigger batteries are desirable.</p>\r\n<p>&nbsp;</p>\r\n<h4>Can I expect many included accessories on an e-bike under &pound;1,000?</h4>\r\n<p>Some higher end e-bikes are equipped with built-in lights, fancy displays and storage options, but if you\'re spending &pound;1k you\'re probably not going to get as many extras, if any. Some of our suggested buys do include racks, mudguards and lights, but they&rsquo;re more of an exception than the rule.</p>\r\n<br /><br /></li>\r\n</ul>\r\n</div>', 5, 'e18cfcdc25.png', 0);

-- --------------------------------------------------------

--
-- Table structure for table `product`
--

CREATE TABLE `product` (
  `productId` int(11) NOT NULL,
  `productName` varchar(255) NOT NULL,
  `catId` int(11) NOT NULL,
  `brandId` int(11) NOT NULL,
  `product_desc` text NOT NULL,
  `type` int(11) NOT NULL,
  `price` varchar(255) NOT NULL,
  `image` varchar(255) NOT NULL
) ENGINE=InnoDB DEFAULT CHARSET=utf8mb4 COLLATE=utf8mb4_general_ci;

--
-- Dumping data for table `product`
--

INSERT INTO `product` (`productId`, `productName`, `catId`, `brandId`, `product_desc`, `type`, `price`, `image`) VALUES
(1, '6KU Fixie & Single Speed Bike - Barcelona', 6, 5, '<p>A fixed-gear bicycle (or fixed-wheel bicycle,[citation needed] commonly known in some places as a fixie) is a bicycle that has a drivetrain with no freewheel mechanism. The freewheel was developed early in the history of bicycle design but the fixed-gear bicycle remained the standard track racing design. More recently the \"fixie\" has become a popular alternative among mainly urban cyclists, offering the advantage of simplicity compared with the standard multi-geared bicycle.<br />Most bicycle hubs incorporate a freewheel to allow the pedals to remain stationary while the bicycle is in motion, so that the rider can coast, i.e., ride without pedalling using forward momentum. A fixed-gear drivetrain has the drive sprocket (or cog) threaded or bolted directly to the hub of the back wheel, so that the pedals are directly coupled to the wheel. During acceleration, the pedal crank drives the wheel, but in other situations, the rear wheel can drive the pedal cranks. This direct coupling allows a cyclist to apply a braking force with the legs and bodyweight, by resisting the rotation of the cranks. It also makes it possible to cycle backwards.<br />As a general rule, fixed-gear bicycles are single-speed. A derailleur for gear selection would introduce chain slack, which would interfere with braking. Gear selection can, however, be accomplished with the use of an internally geared hub. For example, a Sturmey-Archer fixed-gear three-speed hub is a fixed-gear multi-speed arrangement. Most fixed-gear bicycles only have a front brake, and some have no brakes at all.</p>', 0, '235', '6689fb3fb2.png'),
(2, 'Boston Bike', 5, 4, '<p>A folding bicycle is a bicycle designed to fold into a compact form, facilitating transport and storage. When folded, the bikes can be more easily carried into buildings, on public transportation (facilitating mixed-mode commuting and bicycle commuting), and more easily stored in compact living quarters or aboard a car, boat or plane.<br />Folding mechanisms vary, with each offering a distinct combination of folding speed, folding ease, compactness, ride, weight, durability, complexity and price. Distinguished by the complexities of their folding mechanism, more demanding structural requirements, greater number of parts, and more specialized market appeal, folding bikes may be more expensive than comparable non-folding models. The choice of model, apart from cost considerations, is a matter of resolving the various practical requirements: a quick, easy fold, a compact folded size, or a faster but less compact model.<br />There are also bicycles that provide similar advantages by separating into pieces rather than folding.</p>', 0, '310', 'fbc02f2341.png'),
(3, 'Haro Leucadia Bike-Gloss Blue', 4, 3, '<p>A BMX bike is an off-road sport bicycle used for racing or stunt riding. BMX means bicycle motocross.<br />Though originally denoting a bicycle intended for BMX racing, the term \"BMX bike\" is now used as a generic term to encompass race bikes (\'class\' and \'cruiser\') and those used for freestyle disciplines (street, vert, park, flatland), and dedicated dirt jumper bicycles. Frames are made of various types of steel, aluminum, or carbon fiber. Cheaper, low-end bikes are usually made of steel. Higher range freestyle bikes are mostly chromoly, such as lightweight 4130 chromoly, or generation 3 chromoly. BMX race bikes extensively use aluminum or carbon fiber.</p>', 0, '90', '538952bcde.png'),
(4, 'Koga World Traveller Touring Bike', 3, 2, '<p>A touring bicycle is a bicycle designed or modified to handle bicycle touring. To make the bikes sufficiently robust, comfortable and capable of carrying heavy loads, special features may include a long wheelbase (for ride comfort and to avoid pedal-to-luggage conflicts), frame materials that favor flexibility over rigidity (for ride comfort -though frame flexing can eventually lead to metal fatigue and frame failure, so newer frames are rigid), heavy duty wheels (for load capacity), and multiple mounting points (for luggage racks, fenders, and bottle cages).</p>', 0, '400', '04bd5151b2.png'),
(5, 'MTB Sport Disc WSD ', 2, 1, '<p>A mountain bike (MTB) or mountain bicycle is a bicycle designed for off-road cycling. Mountain bikes share some similarities with other bicycles, but incorporate features designed to enhance durability and performance in rough terrain, which makes them heavier, more complex and less efficient on smooth surfaces. These typically include a suspension fork, large knobby tires, more durable wheels, more powerful brakes, straight, extra wide handlebars to improve balance and comfort over rough terrain, and wide-ratio gearing optimised for topography and application (e.g., steep climbing or fast descending). Rear suspension is ubiquitous in heavier-duty bikes and now common even in lighter bikes. Dropper posts can be installed to allow the rider to quickly adjust the seat height (an elevated seat position is more effective for pedaling, but poses a hazard in aggressive maneuvers).<br />Mountain bikes are generally specialized for use on mountain trails, single track, fire roads, and other unpaved surfaces. Mountain biking terrain commonly has rocks, roots, loose dirt, and steep grades. Many trails have additional technical trail features (TTF) such as log piles, log rides, rock gardens, skinnies, gap jumps, and wall-rides. Mountain bikes are built to handle these types of terrain and features. The heavy-duty construction combined with stronger rims and wider tires has also made this style of bicycle popular with urban riders and couriers who must navigate through potholes and over curbs.<br />Since the development of the sport of mountain biking in the 1970s, many new subtypes of mountain biking have developed, such as cross-country (XC), enduro, all-mountain, freeride, downhill, and a variety of track and slalom types. Each of these place different demands on the bike, requiring different designs for optimal performance. MTB development has led to an increase in suspension travel, now often up to 8 inches (200 mm), and gearing up to 13 speed, to facilitate both climbing and rapid descents. Advances in gearing have also led to the ubiquity of \"1x\" drivetrains (pronounced \"one-by\"), simplifying the gearing to one chainring in the front and a wide range cassette at the rear, typically with 9 to 12 sprockets. 1x gearing reduces overall bike weight, increases ground clearance, and greatly simplifies the process of gear selection, but 2- or 3-ring drivetrains are still common on entry-level bikes.<br />The expressions \"all terrain bicycle\", \"all terrain bike\", and the acronym \"ATB\" are used as synonyms for \"mountain bike\", but some authors consider them pass&eacute;.</p>', 0, '280', '3c34aa3dd6.png'),
(6, 'DE ROSA 838', 1, 1, '<p>The term road bicycle is used to describe bicycles built for traveling at speed on paved roads. Some sources use the term to mean racing bicycle. Other sources specifically exclude racing bicycles from the definition, using the term to mean a bicycle of a similar style but built more for endurance and less the fast bursts of speed desired in a racing bicycle; as such, they usually have more gear combinations and fewer hi-tech racing features. Certain of these bicycles have been referred to as \'sportive\' bicycles to distinguish them from racing bicycles.</p>', 0, '285', '1ce5c53cab.png'),
(7, 'Unknown Bikes Fixed Gear Bike Singularity - Black', 6, 2, '<p>A fixed-gear bicycle (or fixed-wheel bicycle,[citation needed] commonly known in some places as a fixie) is a bicycle that has a drivetrain with no freewheel mechanism. The freewheel was developed early in the history of bicycle design but the fixed-gear bicycle remained the standard track racing design. More recently the \"fixie\" has become a popular alternative among mainly urban cyclists, offering the advantage of simplicity compared with the standard multi-geared bicycle.<br />Most bicycle hubs incorporate a freewheel to allow the pedals to remain stationary while the bicycle is in motion, so that the rider can coast, i.e., ride without pedalling using forward momentum. A fixed-gear drivetrain has the drive sprocket (or cog) threaded or bolted directly to the hub of the back wheel, so that the pedals are directly coupled to the wheel. During acceleration, the pedal crank drives the wheel, but in other situations, the rear wheel can drive the pedal cranks. This direct coupling allows a cyclist to apply a braking force with the legs and bodyweight, by resisting the rotation of the cranks. It also makes it possible to cycle backwards.<br />As a general rule, fixed-gear bicycles are single-speed. A derailleur for gear selection would introduce chain slack, which would interfere with braking. Gear selection can, however, be accomplished with the use of an internally geared hub. For example, a Sturmey-Archer fixed-gear three-speed hub is a fixed-gear multi-speed arrangement. Most fixed-gear bicycles only have a front brake, and some have no brakes at all.</p>', 0, '250', 'f116d321f5.png'),
(8, 'WFO 9 RDO', 2, 3, '<p>A mountain bike (MTB) or mountain bicycle is a bicycle designed for off-road cycling. Mountain bikes share some similarities with other bicycles, but incorporate features designed to enhance durability and performance in rough terrain, which makes them heavier, more complex and less efficient on smooth surfaces. These typically include a suspension fork, large knobby tires, more durable wheels, more powerful brakes, straight, extra wide handlebars to improve balance and comfort over rough terrain, and wide-ratio gearing optimised for topography and application (e.g., steep climbing or fast descending). Rear suspension is ubiquitous in heavier-duty bikes and now common even in lighter bikes. Dropper posts can be installed to allow the rider to quickly adjust the seat height (an elevated seat position is more effective for pedaling, but poses a hazard in aggressive maneuvers).<br />Mountain bikes are generally specialized for use on mountain trails, single track, fire roads, and other unpaved surfaces. Mountain biking terrain commonly has rocks, roots, loose dirt, and steep grades. Many trails have additional technical trail features (TTF) such as log piles, log rides, rock gardens, skinnies, gap jumps, and wall-rides. Mountain bikes are built to handle these types of terrain and features. The heavy-duty construction combined with stronger rims and wider tires has also made this style of bicycle popular with urban riders and couriers who must navigate through potholes and over curbs.<br />Since the development of the sport of mountain biking in the 1970s, many new subtypes of mountain biking have developed, such as cross-country (XC), enduro, all-mountain, freeride, downhill, and a variety of track and slalom types. Each of these place different demands on the bike, requiring different designs for optimal performance. MTB development has led to an increase in suspension travel, now often up to 8 inches (200 mm), and gearing up to 13 speed, to facilitate both climbing and rapid descents. Advances in gearing have also led to the ubiquity of \"1x\" drivetrains (pronounced \"one-by\"), simplifying the gearing to one chainring in the front and a wide range cassette at the rear, typically with 9 to 12 sprockets. 1x gearing reduces overall bike weight, increases ground clearance, and greatly simplifies the process of gear selection, but 2- or 3-ring drivetrains are still common on entry-level bikes.<br />The expressions \"all terrain bicycle\", \"all terrain bike\", and the acronym \"ATB\" are used as synonyms for \"mountain bike\", but some authors consider them pass&eacute;.</p>', 0, '270', '419e053382.png'),
(9, 'AWOL Expert 2018', 3, 4, '<p>A touring bicycle is a bicycle designed or modified to handle bicycle touring. To make the bikes sufficiently robust, comfortable and capable of carrying heavy loads, special features may include a long wheelbase (for ride comfort and to avoid pedal-to-luggage conflicts), frame materials that favor flexibility over rigidity (for ride comfort -though frame flexing can eventually lead to metal fatigue and frame failure, so newer frames are rigid), heavy duty wheels (for load capacity), and multiple mounting points (for luggage racks, fenders, and bottle cages).</p>', 0, '330', 'e336e32d24.png'),
(10, 'GT 2022 Pro Performer 26', 4, 5, '<p>A BMX bike is an off-road sport bicycle used for racing or stunt riding. BMX means bicycle motocross.<br />Though originally denoting a bicycle intended for BMX racing, the term \"BMX bike\" is now used as a generic term to encompass race bikes (\'class\' and \'cruiser\') and those used for freestyle disciplines (street, vert, park, flatland), and dedicated dirt jumper bicycles. Frames are made of various types of steel, aluminum, or carbon fiber. Cheaper, low-end bikes are usually made of steel. Higher range freestyle bikes are mostly chromoly, such as lightweight 4130 chromoly, or generation 3 chromoly. BMX race bikes extensively use aluminum or carbon fiber.</p>', 0, '260', '932af9fd6c.png'),
(11, 'Mini Folding Bike', 5, 4, '<p>A folding bicycle is a bicycle designed to fold into a compact form, facilitating transport and storage. When folded, the bikes can be more easily carried into buildings, on public transportation (facilitating mixed-mode commuting and bicycle commuting), and more easily stored in compact living quarters or aboard a car, boat or plane.<br />Folding mechanisms vary, with each offering a distinct combination of folding speed, folding ease, compactness, ride, weight, durability, complexity and price. Distinguished by the complexities of their folding mechanism, more demanding structural requirements, greater number of parts, and more specialized market appeal, folding bikes may be more expensive than comparable non-folding models. The choice of model, apart from cost considerations, is a matter of resolving the various practical requirements: a quick, easy fold, a compact folded size, or a faster but less compact model.<br />There are also bicycles that provide similar advantages by separating into pieces rather than folding.</p>', 0, '170', 'fcd8008ff4.png'),
(12, 'Radical Rick 24', 4, 3, '<p>A BMX bike is an off-road sport bicycle used for racing or stunt riding. BMX means bicycle motocross.<br />Though originally denoting a bicycle intended for BMX racing, the term \"BMX bike\" is now used as a generic term to encompass race bikes (\'class\' and \'cruiser\') and those used for freestyle disciplines (street, vert, park, flatland), and dedicated dirt jumper bicycles. Frames are made of various types of steel, aluminum, or carbon fiber. Cheaper, low-end bikes are usually made of steel. Higher range freestyle bikes are mostly chromoly, such as lightweight 4130 chromoly, or generation 3 chromoly. BMX race bikes extensively use aluminum or carbon fiber.</p>', 0, '180', 'c95aa6eeba.png'),
(13, 'Riverside Touring', 3, 2, '<p>A touring bicycle is a bicycle designed or modified to handle bicycle touring. To make the bikes sufficiently robust, comfortable and capable of carrying heavy loads, special features may include a long wheelbase (for ride comfort and to avoid pedal-to-luggage conflicts), frame materials that favor flexibility over rigidity (for ride comfort -though frame flexing can eventually lead to metal fatigue and frame failure, so newer frames are rigid), heavy duty wheels (for load capacity), and multiple mounting points (for luggage racks, fenders, and bottle cages).</p>', 0, '320', 'cbb09a23b7.png'),
(14, 'Cube Agree C:62', 1, 1, '<p>The term road bicycle is used to describe bicycles built for traveling at speed on paved roads. Some sources use the term to mean racing bicycle. Other sources specifically exclude racing bicycles from the definition, using the term to mean a bicycle of a similar style but built more for endurance and less the fast bursts of speed desired in a racing bicycle; as such, they usually have more gear combinations and fewer hi-tech racing features. Certain of these bicycles have been referred to as \'sportive\' bicycles to distinguish them from racing bicycles.</p>', 0, '200', '624359107a.png'),
(15, 'Curie Roller Zip Bike', 5, 3, '<p>A folding bicycle is a bicycle designed to fold into a compact form, facilitating transport and storage. When folded, the bikes can be more easily carried into buildings, on public transportation (facilitating mixed-mode commuting and bicycle commuting), and more easily stored in compact living quarters or aboard a car, boat or plane.<br />Folding mechanisms vary, with each offering a distinct combination of folding speed, folding ease, compactness, ride, weight, durability, complexity and price. Distinguished by the complexities of their folding mechanism, more demanding structural requirements, greater number of parts, and more specialized market appeal, folding bikes may be more expensive than comparable non-folding models. The choice of model, apart from cost considerations, is a matter of resolving the various practical requirements: a quick, easy fold, a compact folded size, or a faster but less compact model.<br />There are also bicycles that provide similar advantages by separating into pieces rather than folding.</p>', 0, '150', 'e3c33b2b09.png');

-- --------------------------------------------------------

--
-- Table structure for table `slider`
--

CREATE TABLE `slider` (
  `sliderId` int(11) NOT NULL,
  `sliderName` varchar(255) NOT NULL,
  `slider_image` varchar(255) NOT NULL,
  `type` int(11) NOT NULL
) ENGINE=InnoDB DEFAULT CHARSET=utf8mb4 COLLATE=utf8mb4_general_ci;

--
-- Dumping data for table `slider`
--

INSERT INTO `slider` (`sliderId`, `sliderName`, `slider_image`, `type`) VALUES
(3, 'Slider 1', '02ebb0f836.png', 1),
(4, 'Slider 2', 'a29fba24ce.png', 1),
(5, 'Slider 3', '02e0273d6d.png', 1);

-- --------------------------------------------------------

--
-- Table structure for table `tbl_comment`
--

CREATE TABLE `tbl_comment` (
  `commentId` int(11) NOT NULL,
  `customerId` int(11) NOT NULL,
  `commentName` varchar(255) NOT NULL,
  `email` varchar(50) NOT NULL,
  `comment` text NOT NULL,
  `productId` int(11) NOT NULL,
  `image` varchar(255) NOT NULL,
  `dated` datetime NOT NULL,
  `rating` int(11) NOT NULL
) ENGINE=InnoDB DEFAULT CHARSET=utf8mb4 COLLATE=utf8mb4_general_ci;

--
-- Dumping data for table `tbl_comment`
--

INSERT INTO `tbl_comment` (`commentId`, `customerId`, `commentName`, `email`, `comment`, `productId`, `image`, `dated`, `rating`) VALUES
(47, 1, 'Tuong Duong', 'tuongdv123@gmail.com', 'Nice!', 5, '', '2023-04-25 02:51:24', 5),
(48, 11, 'Duy Huynh', 'duyhuynh@gmail.com', 'Good!', 6, '', '2023-04-25 02:52:21', 5),
(50, 11, 'Duy Huynh', 'duyhuynh@gmail.com', 'Nice!', 13, '', '2023-04-28 01:55:23', 4);

-- --------------------------------------------------------

--
-- Table structure for table `tbl_compare`
--

CREATE TABLE `tbl_compare` (
  `compareId` int(11) NOT NULL,
  `customerId` int(11) NOT NULL,
  `productId` int(11) NOT NULL,
  `productName` varchar(255) NOT NULL,
  `price` varchar(255) NOT NULL,
  `image` varchar(255) NOT NULL
) ENGINE=InnoDB DEFAULT CHARSET=utf8mb4 COLLATE=utf8mb4_general_ci;

--
-- Dumping data for table `tbl_compare`
--

INSERT INTO `tbl_compare` (`compareId`, `customerId`, `productId`, `productName`, `price`, `image`) VALUES
(9, 11, 6, 'DE ROSA 838', '285', '1ce5c53cab.png');

-- --------------------------------------------------------

--
-- Table structure for table `tbl_feedback`
--

CREATE TABLE `tbl_feedback` (
  `feedbackId` int(11) NOT NULL,
  `customerId` int(11) NOT NULL,
  `customerName` varchar(255) NOT NULL,
  `email` varchar(50) NOT NULL,
  `phone` varchar(30) NOT NULL,
  `content` text NOT NULL,
  `date_update` datetime NOT NULL
) ENGINE=InnoDB DEFAULT CHARSET=utf8mb4 COLLATE=utf8mb4_general_ci;

--
-- Dumping data for table `tbl_feedback`
--

INSERT INTO `tbl_feedback` (`feedbackId`, `customerId`, `customerName`, `email`, `phone`, `content`, `date_update`) VALUES
(4, 1, 'Tuong Duong', 'tuongdvgcc19257@fpt.edu.vn', '0384391908', 'I want some more product about Bicycle!', '2023-03-19 17:00:00'),
(10, 1, 'Tuong Duong', 'tuongdv123@gmail.com', '0915151041', 'Good!', '2023-04-24 12:24:59'),
(11, 11, 'Duy', 'duyhuynh@gmail.com', '0917171021', 'Very Good!', '2023-04-25 03:46:50');

-- --------------------------------------------------------

--
-- Table structure for table `tbl_order`
--

CREATE TABLE `tbl_order` (
  `orderId` int(11) NOT NULL,
  `productId` int(11) NOT NULL,
  `productName` varchar(255) NOT NULL,
  `customerId` int(11) NOT NULL,
  `quantity` int(11) NOT NULL,
  `price` varchar(255) NOT NULL,
  `image` varchar(255) NOT NULL,
  `status` int(11) NOT NULL DEFAULT 0,
  `date_order` date DEFAULT NULL,
  `delivery_date` date DEFAULT NULL,
  `address` varchar(255) NOT NULL,
  `payment_method` varchar(50) NOT NULL
) ENGINE=InnoDB DEFAULT CHARSET=utf8mb4 COLLATE=utf8mb4_general_ci;

--
-- Dumping data for table `tbl_order`
--

INSERT INTO `tbl_order` (`orderId`, `productId`, `productName`, `customerId`, `quantity`, `price`, `image`, `status`, `date_order`, `delivery_date`, `address`, `payment_method`) VALUES
(122, 4, 'Koga World Traveller Touring Bike', 10, 2, '800', '04bd5151b2.png', 2, '2023-03-31', '2023-04-04', '12/4 HT 17', 'Offline Payment'),
(123, 3, 'Haro Leucadia Bike-Gloss Blue', 10, 1, '90', '538952bcde.png', 2, '2023-04-01', '2023-04-04', '12/4 HT 17', 'Offline Payment'),
(128, 4, 'Koga World Traveller Touring Bike', 1, 1, '400', '04bd5151b2.png', 0, '2023-04-02', '2023-04-07', '12/4 HT 17', 'Online Payment'),
(129, 11, 'Mini Folding Bike', 1, 1, '170', 'fcd8008ff4.png', 0, '2023-04-02', '2023-04-07', '12/4 HT 17', 'Offline Payment'),
(131, 3, 'Haro Leucadia Bike-Gloss Blue', 1, 1, '90', '538952bcde.png', 0, '2023-04-05', '2023-04-08', '12/4 HT 17', 'Offline Payment'),
(132, 3, 'Haro Leucadia Bike-Gloss Blue', 10, 2, '180', '538952bcde.png', 4, '2023-04-02', '2023-04-05', '12/4 HT 17', 'Online Payment'),
(133, 15, 'Curie Roller Zip Bike', 10, 1, '150', 'e3c33b2b09.png', 2, '2023-04-09', '2023-04-12', '12/4 HT 17', 'Offline Payment'),
(137, 8, 'WFO 9 RDO', 1, 1, '270', '419e053382.png', 0, '2023-04-21', '2023-04-24', '12/4 HT 17', 'Online Payment'),
(138, 7, 'Unknown Bikes Fixed Gear Bike Singularity - Black', 1, 2, '500', 'f116d321f5.png', 0, '2023-04-23', '2023-04-26', '12/4 HT 17', 'Offline Payment'),
(144, 9, 'AWOL Expert 2018', 1, 1, '330', 'e336e32d24.png', 0, '2023-04-23', '2023-04-26', '12/4 HT 17', 'Online Payment'),
(145, 3, 'Haro Leucadia Bike-Gloss Blue', 1, 1, '90', '538952bcde.png', 0, '2023-04-23', '2023-04-26', '12/4 HT 17', 'Offline Payment'),
(146, 8, 'WFO 9 RDO', 1, 1, '270', '419e053382.png', 0, '2023-04-24', '2023-04-27', '12/4 HT 17', 'Offline Payment'),
(147, 11, 'Mini Folding Bike', 1, 1, '170', 'fcd8008ff4.png', 1, '2023-04-24', '2023-04-27', '12/4 HT 17', 'Online Payment'),
(152, 5, 'MTB Sport Disc WSD ', 11, 1, '280', '3c34aa3dd6.png', 2, '2023-04-27', '2023-05-01', '12/4 HT 17', 'Offline Payment'),
(154, 3, 'Haro Leucadia Bike-Gloss Blue', 11, 2, '180', '538952bcde.png', 4, '2023-04-27', '2023-04-30', '12/4 HT 17', 'Online Payment'),
(155, 4, 'Koga World Traveller Touring Bike', 11, 1, '400', '04bd5151b2.png', 1, '2023-04-27', '2023-04-30', '12/4 HT 17', 'Offline Payment');

-- --------------------------------------------------------

--
-- Table structure for table `tbl_wishlist`
--

CREATE TABLE `tbl_wishlist` (
  `wishlistId` int(11) NOT NULL,
  `customerId` int(11) NOT NULL,
  `productId` int(11) NOT NULL,
  `productName` varchar(255) NOT NULL,
  `price` varchar(255) NOT NULL,
  `image` varchar(255) NOT NULL
) ENGINE=InnoDB DEFAULT CHARSET=utf8mb4 COLLATE=utf8mb4_general_ci;

--
-- Dumping data for table `tbl_wishlist`
--

INSERT INTO `tbl_wishlist` (`wishlistId`, `customerId`, `productId`, `productName`, `price`, `image`) VALUES
(10, 11, 5, 'MTB Sport Disc WSD ', '280', '3c34aa3dd6.png');

--
-- Indexes for dumped tables
--

--
-- Indexes for table `admin`
--
ALTER TABLE `admin`
  ADD PRIMARY KEY (`adminId`);

--
-- Indexes for table `brand`
--
ALTER TABLE `brand`
  ADD PRIMARY KEY (`brandId`);

--
-- Indexes for table `cart`
--
ALTER TABLE `cart`
  ADD PRIMARY KEY (`cartId`);

--
-- Indexes for table `category`
--
ALTER TABLE `category`
  ADD PRIMARY KEY (`catId`);

--
-- Indexes for table `category_post_news`
--
ALTER TABLE `category_post_news`
  ADD PRIMARY KEY (`cate_post_newsId`);

--
-- Indexes for table `customer`
--
ALTER TABLE `customer`
  ADD PRIMARY KEY (`customerId`);

--
-- Indexes for table `news`
--
ALTER TABLE `news`
  ADD PRIMARY KEY (`newsId`);

--
-- Indexes for table `product`
--
ALTER TABLE `product`
  ADD PRIMARY KEY (`productId`);

--
-- Indexes for table `slider`
--
ALTER TABLE `slider`
  ADD PRIMARY KEY (`sliderId`);

--
-- Indexes for table `tbl_comment`
--
ALTER TABLE `tbl_comment`
  ADD PRIMARY KEY (`commentId`);

--
-- Indexes for table `tbl_compare`
--
ALTER TABLE `tbl_compare`
  ADD PRIMARY KEY (`compareId`);

--
-- Indexes for table `tbl_feedback`
--
ALTER TABLE `tbl_feedback`
  ADD PRIMARY KEY (`feedbackId`);

--
-- Indexes for table `tbl_order`
--
ALTER TABLE `tbl_order`
  ADD PRIMARY KEY (`orderId`);

--
-- Indexes for table `tbl_wishlist`
--
ALTER TABLE `tbl_wishlist`
  ADD PRIMARY KEY (`wishlistId`);

--
-- AUTO_INCREMENT for dumped tables
--

--
-- AUTO_INCREMENT for table `admin`
--
ALTER TABLE `admin`
  MODIFY `adminId` int(11) NOT NULL AUTO_INCREMENT, AUTO_INCREMENT=2;

--
-- AUTO_INCREMENT for table `brand`
--
ALTER TABLE `brand`
  MODIFY `brandId` int(11) NOT NULL AUTO_INCREMENT, AUTO_INCREMENT=7;

--
-- AUTO_INCREMENT for table `cart`
--
ALTER TABLE `cart`
  MODIFY `cartId` int(11) NOT NULL AUTO_INCREMENT, AUTO_INCREMENT=278;

--
-- AUTO_INCREMENT for table `category`
--
ALTER TABLE `category`
  MODIFY `catId` int(11) NOT NULL AUTO_INCREMENT, AUTO_INCREMENT=11;

--
-- AUTO_INCREMENT for table `category_post_news`
--
ALTER TABLE `category_post_news`
  MODIFY `cate_post_newsId` int(11) NOT NULL AUTO_INCREMENT, AUTO_INCREMENT=9;

--
-- AUTO_INCREMENT for table `customer`
--
ALTER TABLE `customer`
  MODIFY `customerId` int(11) NOT NULL AUTO_INCREMENT, AUTO_INCREMENT=16;

--
-- AUTO_INCREMENT for table `news`
--
ALTER TABLE `news`
  MODIFY `newsId` int(11) NOT NULL AUTO_INCREMENT, AUTO_INCREMENT=10;

--
-- AUTO_INCREMENT for table `product`
--
ALTER TABLE `product`
  MODIFY `productId` int(11) NOT NULL AUTO_INCREMENT, AUTO_INCREMENT=18;

--
-- AUTO_INCREMENT for table `slider`
--
ALTER TABLE `slider`
  MODIFY `sliderId` int(11) NOT NULL AUTO_INCREMENT, AUTO_INCREMENT=10;

--
-- AUTO_INCREMENT for table `tbl_comment`
--
ALTER TABLE `tbl_comment`
  MODIFY `commentId` int(11) NOT NULL AUTO_INCREMENT, AUTO_INCREMENT=51;

--
-- AUTO_INCREMENT for table `tbl_compare`
--
ALTER TABLE `tbl_compare`
  MODIFY `compareId` int(11) NOT NULL AUTO_INCREMENT, AUTO_INCREMENT=10;

--
-- AUTO_INCREMENT for table `tbl_feedback`
--
ALTER TABLE `tbl_feedback`
  MODIFY `feedbackId` int(11) NOT NULL AUTO_INCREMENT, AUTO_INCREMENT=12;

--
-- AUTO_INCREMENT for table `tbl_order`
--
ALTER TABLE `tbl_order`
  MODIFY `orderId` int(11) NOT NULL AUTO_INCREMENT, AUTO_INCREMENT=156;

--
-- AUTO_INCREMENT for table `tbl_wishlist`
--
ALTER TABLE `tbl_wishlist`
  MODIFY `wishlistId` int(11) NOT NULL AUTO_INCREMENT, AUTO_INCREMENT=11;
COMMIT;

/*!40101 SET CHARACTER_SET_CLIENT=@OLD_CHARACTER_SET_CLIENT */;
/*!40101 SET CHARACTER_SET_RESULTS=@OLD_CHARACTER_SET_RESULTS */;
/*!40101 SET COLLATION_CONNECTION=@OLD_COLLATION_CONNECTION */;
